Sample	Acidobacteria_Gp1	Acidobacteria_Gp16	Acidobacteria_Gp25	Acidobacteria_Gp3	Acidobacteria_Gp4	Acidobacteria_Gp5	Acidobacteria_Gp6	Acidobacteria_Gp7	Actinobacteria	Alphaproteobacteria	Bacilli	Betaproteobacteria	Chlamydiia	Chloroflexia	Clostridia	Cytophagia	Deltaproteobacteria	Gammaproteobacteria	Gemmatimonadetes	Ktedonobacteria	Nitrososphaerales	Nitrospira	Planctomycetia	Saccharibacteria_genera_incertae_sedis	Spartobacteria	Sphingobacteriia	Subdivision3	Unclassified Acidobacteria Phylum	Unclassified Actinobacteria Phylum	Unclassified Bacteroidetes Phylum	Unclassified Chloroflexi Phylum	Unclassified Firmicutes Phylum	Unclassified Proteobacteria Phylum	Unclassified Verrucomicrobia Phylum	WPS-1_genera_incertae_sedis
sID0001	36	9	6	13	14	16	29	2	402	457	116	11	6	2	17	0	24	23	3	3	5	6	54	0	63	1	8	7	72	0	4	14	52	18	9
sID0002	25	9	2	11	16	14	30	2	358	505	133	13	4	2	11	2	36	23	3	5	2	4	43	0	79	0	6	3	67	1	1	16	46	25	3
sID0003	32	20	0	10	9	13	29	3	419	481	69	18	7	0	4	0	25	26	4	3	3	7	48	0	75	0	4	12	67	3	3	16	61	21	3
sID0004	105	2	0	44	5	3	4	4	430	157	183	56	5	3	5	2	12	14	6	16	2	7	37	5	13	10	5	5	24	3	4	29	43	2	9
sID0005	122	0	0	69	13	0	7	2	493	185	235	66	5	0	0	2	31	11	7	28	7	9	42	7	22	18	7	10	29	3	4	36	36	2	9
sID0006	82	0	0	59	11	0	4	0	409	127	163	47	0	6	3	2	18	7	4	14	10	7	16	3	15	12	5	3	26	4	6	19	26	4	9
sID0007	36	9	6	13	14	16	29	2	402	457	116	11	6	2	17	0	24	23	3	3	5	6	54	0	63	1	8	7	72	0	4	14	52	18	9
sID0008	25	9	2	11	16	14	30	2	358	505	133	13	4	2	11	2	36	23	3	5	2	4	43	0	79	0	6	3	67	1	1	16	46	25	3
sID0009	32	20	0	10	9	13	29	3	419	481	69	18	7	0	4	0	25	26	4	3	3	7	48	0	75	0	4	12	67	3	3	16	61	21	3
sID0010	105	2	0	44	5	3	4	4	430	157	183	56	5	3	5	2	12	14	6	16	2	7	37	5	13	10	5	5	24	3	4	29	43	2	9
sID0011	122	0	0	69	13	0	7	2	493	185	235	66	5	0	0	2	31	11	7	28	7	9	42	7	22	18	7	10	29	3	4	36	36	2	9
sID0012	82	0	0	59	11	0	4	0	409	127	163	47	0	6	3	2	18	7	4	14	10	7	16	3	15	12	5	3	26	4	6	19	26	4	9
sID0013	36	9	6	13	14	16	29	2	402	457	116	11	6	2	17	0	24	23	3	3	5	6	54	0	63	1	8	7	72	0	4	14	52	18	9
sID0014	25	9	2	11	16	14	30	2	358	505	133	13	4	2	11	2	36	23	3	5	2	4	43	0	79	0	6	3	67	1	1	16	46	25	3
sID0015	32	20	0	10	9	13	29	3	419	481	69	18	7	0	4	0	25	26	4	3	3	7	48	0	75	0	4	12	67	3	3	16	61	21	3
sID0016	105	2	0	44	5	3	4	4	430	157	183	56	5	3	5	2	12	14	6	16	2	7	37	5	13	10	5	5	24	3	4	29	43	2	9
sID0017	122	0	0	69	13	0	7	2	493	185	235	66	5	0	0	2	31	11	7	28	7	9	42	7	22	18	7	10	29	3	4	36	36	2	9
sID0018	82	0	0	59	11	0	4	0	409	127	163	47	0	6	3	2	18	7	4	14	10	7	16	3	15	12	5	3	26	4	6	19	26	4	9
sID0019	36	9	6	13	14	16	29	2	402	457	116	11	6	2	17	0	24	23	3	3	5	6	54	0	63	1	8	7	72	0	4	14	52	18	9
sID0020	25	9	2	11	16	14	30	2	358	505	133	13	4	2	11	2	36	23	3	5	2	4	43	0	79	0	6	3	67	1	1	16	46	25	3
sID0021	32	20	0	10	9	13	29	3	419	481	69	18	7	0	4	0	25	26	4	3	3	7	48	0	75	0	4	12	67	3	3	16	61	21	3
sID0022	105	2	0	44	5	3	4	4	430	157	183	56	5	3	5	2	12	14	6	16	2	7	37	5	13	10	5	5	24	3	4	29	43	2	9
sID0023	122	0	0	69	13	0	7	2	493	185	235	66	5	0	0	2	31	11	7	28	7	9	42	7	22	18	7	10	29	3	4	36	36	2	9
sID0024	82	0	0	59	11	0	4	0	409	127	163	47	0	6	3	2	18	7	4	14	10	7	16	3	15	12	5	3	26	4	6	19	26	4	9
sID0025	36	9	6	13	14	16	29	2	402	457	116	11	6	2	17	0	24	23	3	3	5	6	54	0	63	1	8	7	72	0	4	14	52	18	9
sID0026	25	9	2	11	16	14	30	2	358	505	133	13	4	2	11	2	36	23	3	5	2	4	43	0	79	0	6	3	67	1	1	16	46	25	3
sID0027	32	20	0	10	9	13	29	3	419	481	69	18	7	0	4	0	25	26	4	3	3	7	48	0	75	0	4	12	67	3	3	16	61	21	3
sID0028	105	2	0	44	5	3	4	4	430	157	183	56	5	3	5	2	12	14	6	16	2	7	37	5	13	10	5	5	24	3	4	29	43	2	9
sID0029	122	0	0	69	13	0	7	2	493	185	235	66	5	0	0	2	31	11	7	28	7	9	42	7	22	18	7	10	29	3	4	36	36	2	9
sID0030	82	0	0	59	11	0	4	0	409	127	163	47	0	6	3	2	18	7	4	14	10	7	16	3	15	12	5	3	26	4	6	19	26	4	9
sID0031	36	9	6	13	14	16	29	2	402	457	116	11	6	2	17	0	24	23	3	3	5	6	54	0	63	1	8	7	72	0	4	14	52	18	9
sID0032	25	9	2	11	16	14	30	2	358	505	133	13	4	2	11	2	36	23	3	5	2	4	43	0	79	0	6	3	67	1	1	16	46	25	3
sID0033	32	20	0	10	9	13	29	3	419	481	69	18	7	0	4	0	25	26	4	3	3	7	48	0	75	0	4	12	67	3	3	16	61	21	3
sID0034	105	2	0	44	5	3	4	4	430	157	183	56	5	3	5	2	12	14	6	16	2	7	37	5	13	10	5	5	24	3	4	29	43	2	9
sID0035	122	0	0	69	13	0	7	2	493	185	235	66	5	0	0	2	31	11	7	28	7	9	42	7	22	18	7	10	29	3	4	36	36	2	9
sID0036	82	0	0	59	11	0	4	0	409	127	163	47	0	6	3	2	18	7	4	14	10	7	16	3	15	12	5	3	26	4	6	19	26	4	9
sID0037	36	9	6	13	14	16	29	2	402	457	116	11	6	2	17	0	24	23	3	3	5	6	54	0	63	1	8	7	72	0	4	14	52	18	9
sID0038	25	9	2	11	16	14	30	2	358	505	133	13	4	2	11	2	36	23	3	5	2	4	43	0	79	0	6	3	67	1	1	16	46	25	3
sID0039	32	20	0	10	9	13	29	3	419	481	69	18	7	0	4	0	25	26	4	3	3	7	48	0	75	0	4	12	67	3	3	16	61	21	3
sID0040	105	2	0	44	5	3	4	4	430	157	183	56	5	3	5	2	12	14	6	16	2	7	37	5	13	10	5	5	24	3	4	29	43	2	9
sID0041	122	0	0	69	13	0	7	2	493	185	235	66	5	0	0	2	31	11	7	28	7	9	42	7	22	18	7	10	29	3	4	36	36	2	9
sID0042	82	0	0	59	11	0	4	0	409	127	163	47	0	6	3	2	18	7	4	14	10	7	16	3	15	12	5	3	26	4	6	19	26	4	9
sID0043	36	9	6	13	14	16	29	2	402	457	116	11	6	2	17	0	24	23	3	3	5	6	54	0	63	1	8	7	72	0	4	14	52	18	9
sID0044	25	9	2	11	16	14	30	2	358	505	133	13	4	2	11	2	36	23	3	5	2	4	43	0	79	0	6	3	67	1	1	16	46	25	3
sID0045	32	20	0	10	9	13	29	3	419	481	69	18	7	0	4	0	25	26	4	3	3	7	48	0	75	0	4	12	67	3	3	16	61	21	3
sID0046	105	2	0	44	5	3	4	4	430	157	183	56	5	3	5	2	12	14	6	16	2	7	37	5	13	10	5	5	24	3	4	29	43	2	9
sID0047	122	0	0	69	13	0	7	2	493	185	235	66	5	0	0	2	31	11	7	28	7	9	42	7	22	18	7	10	29	3	4	36	36	2	9
sID0048	82	0	0	59	11	0	4	0	409	127	163	47	0	6	3	2	18	7	4	14	10	7	16	3	15	12	5	3	26	4	6	19	26	4	9
sID0049	36	9	6	13	14	16	29	2	402	457	116	11	6	2	17	0	24	23	3	3	5	6	54	0	63	1	8	7	72	0	4	14	52	18	9
sID0050	25	9	2	11	16	14	30	2	358	505	133	13	4	2	11	2	36	23	3	5	2	4	43	0	79	0	6	3	67	1	1	16	46	25	3
sID0051	32	20	0	10	9	13	29	3	419	481	69	18	7	0	4	0	25	26	4	3	3	7	48	0	75	0	4	12	67	3	3	16	61	21	3
sID0052	105	2	0	44	5	3	4	4	430	157	183	56	5	3	5	2	12	14	6	16	2	7	37	5	13	10	5	5	24	3	4	29	43	2	9
sID0053	122	0	0	69	13	0	7	2	493	185	235	66	5	0	0	2	31	11	7	28	7	9	42	7	22	18	7	10	29	3	4	36	36	2	9
sID0054	82	0	0	59	11	0	4	0	409	127	163	47	0	6	3	2	18	7	4	14	10	7	16	3	15	12	5	3	26	4	6	19	26	4	9
sID0055	36	9	6	13	14	16	29	2	402	457	116	11	6	2	17	0	24	23	3	3	5	6	54	0	63	1	8	7	72	0	4	14	52	18	9
sID0056	25	9	2	11	16	14	30	2	358	505	133	13	4	2	11	2	36	23	3	5	2	4	43	0	79	0	6	3	67	1	1	16	46	25	3
sID0057	32	20	0	10	9	13	29	3	419	481	69	18	7	0	4	0	25	26	4	3	3	7	48	0	75	0	4	12	67	3	3	16	61	21	3
sID0058	105	2	0	44	5	3	4	4	430	157	183	56	5	3	5	2	12	14	6	16	2	7	37	5	13	10	5	5	24	3	4	29	43	2	9
sID0059	122	0	0	69	13	0	7	2	493	185	235	66	5	0	0	2	31	11	7	28	7	9	42	7	22	18	7	10	29	3	4	36	36	2	9
sID0060	82	0	0	59	11	0	4	0	409	127	163	47	0	6	3	2	18	7	4	14	10	7	16	3	15	12	5	3	26	4	6	19	26	4	9
sID0061	36	9	6	13	14	16	29	2	402	457	116	11	6	2	17	0	24	23	3	3	5	6	54	0	63	1	8	7	72	0	4	14	52	18	9
sID0062	25	9	2	11	16	14	30	2	358	505	133	13	4	2	11	2	36	23	3	5	2	4	43	0	79	0	6	3	67	1	1	16	46	25	3
sID0063	32	20	0	10	9	13	29	3	419	481	69	18	7	0	4	0	25	26	4	3	3	7	48	0	75	0	4	12	67	3	3	16	61	21	3
sID0064	105	2	0	44	5	3	4	4	430	157	183	56	5	3	5	2	12	14	6	16	2	7	37	5	13	10	5	5	24	3	4	29	43	2	9
sID0065	122	0	0	69	13	0	7	2	493	185	235	66	5	0	0	2	31	11	7	28	7	9	42	7	22	18	7	10	29	3	4	36	36	2	9
sID0066	82	0	0	59	11	0	4	0	409	127	163	47	0	6	3	2	18	7	4	14	10	7	16	3	15	12	5	3	26	4	6	19	26	4	9
sID0067	36	9	6	13	14	16	29	2	402	457	116	11	6	2	17	0	24	23	3	3	5	6	54	0	63	1	8	7	72	0	4	14	52	18	9
sID0068	25	9	2	11	16	14	30	2	358	505	133	13	4	2	11	2	36	23	3	5	2	4	43	0	79	0	6	3	67	1	1	16	46	25	3
sID0069	32	20	0	10	9	13	29	3	419	481	69	18	7	0	4	0	25	26	4	3	3	7	48	0	75	0	4	12	67	3	3	16	61	21	3
sID0070	105	2	0	44	5	3	4	4	430	157	183	56	5	3	5	2	12	14	6	16	2	7	37	5	13	10	5	5	24	3	4	29	43	2	9
sID0071	122	0	0	69	13	0	7	2	493	185	235	66	5	0	0	2	31	11	7	28	7	9	42	7	22	18	7	10	29	3	4	36	36	2	9
sID0072	82	0	0	59	11	0	4	0	409	127	163	47	0	6	3	2	18	7	4	14	10	7	16	3	15	12	5	3	26	4	6	19	26	4	9
sID0073	36	9	6	13	14	16	29	2	402	457	116	11	6	2	17	0	24	23	3	3	5	6	54	0	63	1	8	7	72	0	4	14	52	18	9
sID0074	25	9	2	11	16	14	30	2	358	505	133	13	4	2	11	2	36	23	3	5	2	4	43	0	79	0	6	3	67	1	1	16	46	25	3
sID0075	32	20	0	10	9	13	29	3	419	481	69	18	7	0	4	0	25	26	4	3	3	7	48	0	75	0	4	12	67	3	3	16	61	21	3
sID0076	105	2	0	44	5	3	4	4	430	157	183	56	5	3	5	2	12	14	6	16	2	7	37	5	13	10	5	5	24	3	4	29	43	2	9
sID0077	122	0	0	69	13	0	7	2	493	185	235	66	5	0	0	2	31	11	7	28	7	9	42	7	22	18	7	10	29	3	4	36	36	2	9
sID0078	82	0	0	59	11	0	4	0	409	127	163	47	0	6	3	2	18	7	4	14	10	7	16	3	15	12	5	3	26	4	6	19	26	4	9
sID0079	36	9	6	13	14	16	29	2	402	457	116	11	6	2	17	0	24	23	3	3	5	6	54	0	63	1	8	7	72	0	4	14	52	18	9
sID0080	25	9	2	11	16	14	30	2	358	505	133	13	4	2	11	2	36	23	3	5	2	4	43	0	79	0	6	3	67	1	1	16	46	25	3
sID0081	32	20	0	10	9	13	29	3	419	481	69	18	7	0	4	0	25	26	4	3	3	7	48	0	75	0	4	12	67	3	3	16	61	21	3
sID0082	105	2	0	44	5	3	4	4	430	157	183	56	5	3	5	2	12	14	6	16	2	7	37	5	13	10	5	5	24	3	4	29	43	2	9
sID0083	122	0	0	69	13	0	7	2	493	185	235	66	5	0	0	2	31	11	7	28	7	9	42	7	22	18	7	10	29	3	4	36	36	2	9
sID0084	82	0	0	59	11	0	4	0	409	127	163	47	0	6	3	2	18	7	4	14	10	7	16	3	15	12	5	3	26	4	6	19	26	4	9
sID0085	36	9	6	13	14	16	29	2	402	457	116	11	6	2	17	0	24	23	3	3	5	6	54	0	63	1	8	7	72	0	4	14	52	18	9
sID0086	25	9	2	11	16	14	30	2	358	505	133	13	4	2	11	2	36	23	3	5	2	4	43	0	79	0	6	3	67	1	1	16	46	25	3
sID0087	32	20	0	10	9	13	29	3	419	481	69	18	7	0	4	0	25	26	4	3	3	7	48	0	75	0	4	12	67	3	3	16	61	21	3
sID0088	105	2	0	44	5	3	4	4	430	157	183	56	5	3	5	2	12	14	6	16	2	7	37	5	13	10	5	5	24	3	4	29	43	2	9
sID0089	122	0	0	69	13	0	7	2	493	185	235	66	5	0	0	2	31	11	7	28	7	9	42	7	22	18	7	10	29	3	4	36	36	2	9
sID0090	82	0	0	59	11	0	4	0	409	127	163	47	0	6	3	2	18	7	4	14	10	7	16	3	15	12	5	3	26	4	6	19	26	4	9
sID0091	36	9	6	13	14	16	29	2	402	457	116	11	6	2	17	0	24	23	3	3	5	6	54	0	63	1	8	7	72	0	4	14	52	18	9
sID0092	25	9	2	11	16	14	30	2	358	505	133	13	4	2	11	2	36	23	3	5	2	4	43	0	79	0	6	3	67	1	1	16	46	25	3
sID0093	32	20	0	10	9	13	29	3	419	481	69	18	7	0	4	0	25	26	4	3	3	7	48	0	75	0	4	12	67	3	3	16	61	21	3
sID0094	105	2	0	44	5	3	4	4	430	157	183	56	5	3	5	2	12	14	6	16	2	7	37	5	13	10	5	5	24	3	4	29	43	2	9
sID0095	122	0	0	69	13	0	7	2	493	185	235	66	5	0	0	2	31	11	7	28	7	9	42	7	22	18	7	10	29	3	4	36	36	2	9
sID0096	82	0	0	59	11	0	4	0	409	127	163	47	0	6	3	2	18	7	4	14	10	7	16	3	15	12	5	3	26	4	6	19	26	4	9
sID0097	36	9	6	13	14	16	29	2	402	457	116	11	6	2	17	0	24	23	3	3	5	6	54	0	63	1	8	7	72	0	4	14	52	18	9
sID0098	25	9	2	11	16	14	30	2	358	505	133	13	4	2	11	2	36	23	3	5	2	4	43	0	79	0	6	3	67	1	1	16	46	25	3
sID0099	32	20	0	10	9	13	29	3	419	481	69	18	7	0	4	0	25	26	4	3	3	7	48	0	75	0	4	12	67	3	3	16	61	21	3
sID0100	105	2	0	44	5	3	4	4	430	157	183	56	5	3	5	2	12	14	6	16	2	7	37	5	13	10	5	5	24	3	4	29	43	2	9
sID0101	122	0	0	69	13	0	7	2	493	185	235	66	5	0	0	2	31	11	7	28	7	9	42	7	22	18	7	10	29	3	4	36	36	2	9
sID0102	82	0	0	59	11	0	4	0	409	127	163	47	0	6	3	2	18	7	4	14	10	7	16	3	15	12	5	3	26	4	6	19	26	4	9
sID0103	36	9	6	13	14	16	29	2	402	457	116	11	6	2	17	0	24	23	3	3	5	6	54	0	63	1	8	7	72	0	4	14	52	18	9
sID0104	25	9	2	11	16	14	30	2	358	505	133	13	4	2	11	2	36	23	3	5	2	4	43	0	79	0	6	3	67	1	1	16	46	25	3
sID0105	32	20	0	10	9	13	29	3	419	481	69	18	7	0	4	0	25	26	4	3	3	7	48	0	75	0	4	12	67	3	3	16	61	21	3
sID0106	105	2	0	44	5	3	4	4	430	157	183	56	5	3	5	2	12	14	6	16	2	7	37	5	13	10	5	5	24	3	4	29	43	2	9
sID0107	122	0	0	69	13	0	7	2	493	185	235	66	5	0	0	2	31	11	7	28	7	9	42	7	22	18	7	10	29	3	4	36	36	2	9
sID0108	82	0	0	59	11	0	4	0	409	127	163	47	0	6	3	2	18	7	4	14	10	7	16	3	15	12	5	3	26	4	6	19	26	4	9
sID0109	36	9	6	13	14	16	29	2	402	457	116	11	6	2	17	0	24	23	3	3	5	6	54	0	63	1	8	7	72	0	4	14	52	18	9
sID0110	25	9	2	11	16	14	30	2	358	505	133	13	4	2	11	2	36	23	3	5	2	4	43	0	79	0	6	3	67	1	1	16	46	25	3
sID0111	32	20	0	10	9	13	29	3	419	481	69	18	7	0	4	0	25	26	4	3	3	7	48	0	75	0	4	12	67	3	3	16	61	21	3
sID0112	105	2	0	44	5	3	4	4	430	157	183	56	5	3	5	2	12	14	6	16	2	7	37	5	13	10	5	5	24	3	4	29	43	2	9
sID0113	122	0	0	69	13	0	7	2	493	185	235	66	5	0	0	2	31	11	7	28	7	9	42	7	22	18	7	10	29	3	4	36	36	2	9
sID0114	82	0	0	59	11	0	4	0	409	127	163	47	0	6	3	2	18	7	4	14	10	7	16	3	15	12	5	3	26	4	6	19	26	4	9
sID0115	36	9	6	13	14	16	29	2	402	457	116	11	6	2	17	0	24	23	3	3	5	6	54	0	63	1	8	7	72	0	4	14	52	18	9
sID0116	25	9	2	11	16	14	30	2	358	505	133	13	4	2	11	2	36	23	3	5	2	4	43	0	79	0	6	3	67	1	1	16	46	25	3
sID0117	32	20	0	10	9	13	29	3	419	481	69	18	7	0	4	0	25	26	4	3	3	7	48	0	75	0	4	12	67	3	3	16	61	21	3
sID0118	105	2	0	44	5	3	4	4	430	157	183	56	5	3	5	2	12	14	6	16	2	7	37	5	13	10	5	5	24	3	4	29	43	2	9
sID0119	122	0	0	69	13	0	7	2	493	185	235	66	5	0	0	2	31	11	7	28	7	9	42	7	22	18	7	10	29	3	4	36	36	2	9
sID0120	82	0	0	59	11	0	4	0	409	127	163	47	0	6	3	2	18	7	4	14	10	7	16	3	15	12	5	3	26	4	6	19	26	4	9
sID0121	36	9	6	13	14	16	29	2	402	457	116	11	6	2	17	0	24	23	3	3	5	6	54	0	63	1	8	7	72	0	4	14	52	18	9
sID0122	25	9	2	11	16	14	30	2	358	505	133	13	4	2	11	2	36	23	3	5	2	4	43	0	79	0	6	3	67	1	1	16	46	25	3
sID0123	32	20	0	10	9	13	29	3	419	481	69	18	7	0	4	0	25	26	4	3	3	7	48	0	75	0	4	12	67	3	3	16	61	21	3
sID0124	105	2	0	44	5	3	4	4	430	157	183	56	5	3	5	2	12	14	6	16	2	7	37	5	13	10	5	5	24	3	4	29	43	2	9
sID0125	122	0	0	69	13	0	7	2	493	185	235	66	5	0	0	2	31	11	7	28	7	9	42	7	22	18	7	10	29	3	4	36	36	2	9
sID0126	82	0	0	59	11	0	4	0	409	127	163	47	0	6	3	2	18	7	4	14	10	7	16	3	15	12	5	3	26	4	6	19	26	4	9
sID0127	36	9	6	13	14	16	29	2	402	457	116	11	6	2	17	0	24	23	3	3	5	6	54	0	63	1	8	7	72	0	4	14	52	18	9
sID0128	25	9	2	11	16	14	30	2	358	505	133	13	4	2	11	2	36	23	3	5	2	4	43	0	79	0	6	3	67	1	1	16	46	25	3
sID0129	32	20	0	10	9	13	29	3	419	481	69	18	7	0	4	0	25	26	4	3	3	7	48	0	75	0	4	12	67	3	3	16	61	21	3
sID0130	105	2	0	44	5	3	4	4	430	157	183	56	5	3	5	2	12	14	6	16	2	7	37	5	13	10	5	5	24	3	4	29	43	2	9
sID0131	122	0	0	69	13	0	7	2	493	185	235	66	5	0	0	2	31	11	7	28	7	9	42	7	22	18	7	10	29	3	4	36	36	2	9
sID0132	82	0	0	59	11	0	4	0	409	127	163	47	0	6	3	2	18	7	4	14	10	7	16	3	15	12	5	3	26	4	6	19	26	4	9
sID0133	36	9	6	13	14	16	29	2	402	457	116	11	6	2	17	0	24	23	3	3	5	6	54	0	63	1	8	7	72	0	4	14	52	18	9
sID0134	25	9	2	11	16	14	30	2	358	505	133	13	4	2	11	2	36	23	3	5	2	4	43	0	79	0	6	3	67	1	1	16	46	25	3
sID0135	32	20	0	10	9	13	29	3	419	481	69	18	7	0	4	0	25	26	4	3	3	7	48	0	75	0	4	12	67	3	3	16	61	21	3
sID0136	105	2	0	44	5	3	4	4	430	157	183	56	5	3	5	2	12	14	6	16	2	7	37	5	13	10	5	5	24	3	4	29	43	2	9
sID0137	122	0	0	69	13	0	7	2	493	185	235	66	5	0	0	2	31	11	7	28	7	9	42	7	22	18	7	10	29	3	4	36	36	2	9
sID0138	82	0	0	59	11	0	4	0	409	127	163	47	0	6	3	2	18	7	4	14	10	7	16	3	15	12	5	3	26	4	6	19	26	4	9
sID0139	36	9	6	13	14	16	29	2	402	457	116	11	6	2	17	0	24	23	3	3	5	6	54	0	63	1	8	7	72	0	4	14	52	18	9
sID0140	25	9	2	11	16	14	30	2	358	505	133	13	4	2	11	2	36	23	3	5	2	4	43	0	79	0	6	3	67	1	1	16	46	25	3
sID0141	32	20	0	10	9	13	29	3	419	481	69	18	7	0	4	0	25	26	4	3	3	7	48	0	75	0	4	12	67	3	3	16	61	21	3
sID0142	105	2	0	44	5	3	4	4	430	157	183	56	5	3	5	2	12	14	6	16	2	7	37	5	13	10	5	5	24	3	4	29	43	2	9
sID0143	122	0	0	69	13	0	7	2	493	185	235	66	5	0	0	2	31	11	7	28	7	9	42	7	22	18	7	10	29	3	4	36	36	2	9
sID0144	82	0	0	59	11	0	4	0	409	127	163	47	0	6	3	2	18	7	4	14	10	7	16	3	15	12	5	3	26	4	6	19	26	4	9
sID0145	36	9	6	13	14	16	29	2	402	457	116	11	6	2	17	0	24	23	3	3	5	6	54	0	63	1	8	7	72	0	4	14	52	18	9
sID0146	25	9	2	11	16	14	30	2	358	505	133	13	4	2	11	2	36	23	3	5	2	4	43	0	79	0	6	3	67	1	1	16	46	25	3
sID0147	32	20	0	10	9	13	29	3	419	481	69	18	7	0	4	0	25	26	4	3	3	7	48	0	75	0	4	12	67	3	3	16	61	21	3
sID0148	105	2	0	44	5	3	4	4	430	157	183	56	5	3	5	2	12	14	6	16	2	7	37	5	13	10	5	5	24	3	4	29	43	2	9
sID0149	122	0	0	69	13	0	7	2	493	185	235	66	5	0	0	2	31	11	7	28	7	9	42	7	22	18	7	10	29	3	4	36	36	2	9
sID0150	82	0	0	59	11	0	4	0	409	127	163	47	0	6	3	2	18	7	4	14	10	7	16	3	15	12	5	3	26	4	6	19	26	4	9
sID0151	36	9	6	13	14	16	29	2	402	457	116	11	6	2	17	0	24	23	3	3	5	6	54	0	63	1	8	7	72	0	4	14	52	18	9
sID0152	25	9	2	11	16	14	30	2	358	505	133	13	4	2	11	2	36	23	3	5	2	4	43	0	79	0	6	3	67	1	1	16	46	25	3
sID0153	32	20	0	10	9	13	29	3	419	481	69	18	7	0	4	0	25	26	4	3	3	7	48	0	75	0	4	12	67	3	3	16	61	21	3
sID0154	105	2	0	44	5	3	4	4	430	157	183	56	5	3	5	2	12	14	6	16	2	7	37	5	13	10	5	5	24	3	4	29	43	2	9
sID0155	122	0	0	69	13	0	7	2	493	185	235	66	5	0	0	2	31	11	7	28	7	9	42	7	22	18	7	10	29	3	4	36	36	2	9
sID0156	82	0	0	59	11	0	4	0	409	127	163	47	0	6	3	2	18	7	4	14	10	7	16	3	15	12	5	3	26	4	6	19	26	4	9
sID0157	36	9	6	13	14	16	29	2	402	457	116	11	6	2	17	0	24	23	3	3	5	6	54	0	63	1	8	7	72	0	4	14	52	18	9
sID0158	25	9	2	11	16	14	30	2	358	505	133	13	4	2	11	2	36	23	3	5	2	4	43	0	79	0	6	3	67	1	1	16	46	25	3
sID0159	32	20	0	10	9	13	29	3	419	481	69	18	7	0	4	0	25	26	4	3	3	7	48	0	75	0	4	12	67	3	3	16	61	21	3
sID0160	105	2	0	44	5	3	4	4	430	157	183	56	5	3	5	2	12	14	6	16	2	7	37	5	13	10	5	5	24	3	4	29	43	2	9
sID0161	122	0	0	69	13	0	7	2	493	185	235	66	5	0	0	2	31	11	7	28	7	9	42	7	22	18	7	10	29	3	4	36	36	2	9
sID0162	82	0	0	59	11	0	4	0	409	127	163	47	0	6	3	2	18	7	4	14	10	7	16	3	15	12	5	3	26	4	6	19	26	4	9
sID0163	36	9	6	13	14	16	29	2	402	457	116	11	6	2	17	0	24	23	3	3	5	6	54	0	63	1	8	7	72	0	4	14	52	18	9
sID0164	25	9	2	11	16	14	30	2	358	505	133	13	4	2	11	2	36	23	3	5	2	4	43	0	79	0	6	3	67	1	1	16	46	25	3
sID0165	32	20	0	10	9	13	29	3	419	481	69	18	7	0	4	0	25	26	4	3	3	7	48	0	75	0	4	12	67	3	3	16	61	21	3
sID0166	105	2	0	44	5	3	4	4	430	157	183	56	5	3	5	2	12	14	6	16	2	7	37	5	13	10	5	5	24	3	4	29	43	2	9
sID0167	122	0	0	69	13	0	7	2	493	185	235	66	5	0	0	2	31	11	7	28	7	9	42	7	22	18	7	10	29	3	4	36	36	2	9
sID0168	82	0	0	59	11	0	4	0	409	127	163	47	0	6	3	2	18	7	4	14	10	7	16	3	15	12	5	3	26	4	6	19	26	4	9
sID0169	36	9	6	13	14	16	29	2	402	457	116	11	6	2	17	0	24	23	3	3	5	6	54	0	63	1	8	7	72	0	4	14	52	18	9
sID0170	25	9	2	11	16	14	30	2	358	505	133	13	4	2	11	2	36	23	3	5	2	4	43	0	79	0	6	3	67	1	1	16	46	25	3
sID0171	32	20	0	10	9	13	29	3	419	481	69	18	7	0	4	0	25	26	4	3	3	7	48	0	75	0	4	12	67	3	3	16	61	21	3
sID0172	105	2	0	44	5	3	4	4	430	157	183	56	5	3	5	2	12	14	6	16	2	7	37	5	13	10	5	5	24	3	4	29	43	2	9
sID0173	122	0	0	69	13	0	7	2	493	185	235	66	5	0	0	2	31	11	7	28	7	9	42	7	22	18	7	10	29	3	4	36	36	2	9
sID0174	82	0	0	59	11	0	4	0	409	127	163	47	0	6	3	2	18	7	4	14	10	7	16	3	15	12	5	3	26	4	6	19	26	4	9
sID0175	36	9	6	13	14	16	29	2	402	457	116	11	6	2	17	0	24	23	3	3	5	6	54	0	63	1	8	7	72	0	4	14	52	18	9
sID0176	25	9	2	11	16	14	30	2	358	505	133	13	4	2	11	2	36	23	3	5	2	4	43	0	79	0	6	3	67	1	1	16	46	25	3
sID0177	32	20	0	10	9	13	29	3	419	481	69	18	7	0	4	0	25	26	4	3	3	7	48	0	75	0	4	12	67	3	3	16	61	21	3
sID0178	105	2	0	44	5	3	4	4	430	157	183	56	5	3	5	2	12	14	6	16	2	7	37	5	13	10	5	5	24	3	4	29	43	2	9
sID0179	122	0	0	69	13	0	7	2	493	185	235	66	5	0	0	2	31	11	7	28	7	9	42	7	22	18	7	10	29	3	4	36	36	2	9
sID0180	82	0	0	59	11	0	4	0	409	127	163	47	0	6	3	2	18	7	4	14	10	7	16	3	15	12	5	3	26	4	6	19	26	4	9
sID0181	36	9	6	13	14	16	29	2	402	457	116	11	6	2	17	0	24	23	3	3	5	6	54	0	63	1	8	7	72	0	4	14	52	18	9
sID0182	25	9	2	11	16	14	30	2	358	505	133	13	4	2	11	2	36	23	3	5	2	4	43	0	79	0	6	3	67	1	1	16	46	25	3
sID0183	32	20	0	10	9	13	29	3	419	481	69	18	7	0	4	0	25	26	4	3	3	7	48	0	75	0	4	12	67	3	3	16	61	21	3
sID0184	105	2	0	44	5	3	4	4	430	157	183	56	5	3	5	2	12	14	6	16	2	7	37	5	13	10	5	5	24	3	4	29	43	2	9
sID0185	122	0	0	69	13	0	7	2	493	185	235	66	5	0	0	2	31	11	7	28	7	9	42	7	22	18	7	10	29	3	4	36	36	2	9
sID0186	82	0	0	59	11	0	4	0	409	127	163	47	0	6	3	2	18	7	4	14	10	7	16	3	15	12	5	3	26	4	6	19	26	4	9
sID0187	36	9	6	13	14	16	29	2	402	457	116	11	6	2	17	0	24	23	3	3	5	6	54	0	63	1	8	7	72	0	4	14	52	18	9
sID0188	25	9	2	11	16	14	30	2	358	505	133	13	4	2	11	2	36	23	3	5	2	4	43	0	79	0	6	3	67	1	1	16	46	25	3
sID0189	32	20	0	10	9	13	29	3	419	481	69	18	7	0	4	0	25	26	4	3	3	7	48	0	75	0	4	12	67	3	3	16	61	21	3
sID0190	105	2	0	44	5	3	4	4	430	157	183	56	5	3	5	2	12	14	6	16	2	7	37	5	13	10	5	5	24	3	4	29	43	2	9
sID0191	122	0	0	69	13	0	7	2	493	185	235	66	5	0	0	2	31	11	7	28	7	9	42	7	22	18	7	10	29	3	4	36	36	2	9
sID0192	82	0	0	59	11	0	4	0	409	127	163	47	0	6	3	2	18	7	4	14	10	7	16	3	15	12	5	3	26	4	6	19	26	4	9
sID0193	36	9	6	13	14	16	29	2	402	457	116	11	6	2	17	0	24	23	3	3	5	6	54	0	63	1	8	7	72	0	4	14	52	18	9
sID0194	25	9	2	11	16	14	30	2	358	505	133	13	4	2	11	2	36	23	3	5	2	4	43	0	79	0	6	3	67	1	1	16	46	25	3
sID0195	32	20	0	10	9	13	29	3	419	481	69	18	7	0	4	0	25	26	4	3	3	7	48	0	75	0	4	12	67	3	3	16	61	21	3
sID0196	105	2	0	44	5	3	4	4	430	157	183	56	5	3	5	2	12	14	6	16	2	7	37	5	13	10	5	5	24	3	4	29	43	2	9
sID0197	122	0	0	69	13	0	7	2	493	185	235	66	5	0	0	2	31	11	7	28	7	9	42	7	22	18	7	10	29	3	4	36	36	2	9
sID0198	82	0	0	59	11	0	4	0	409	127	163	47	0	6	3	2	18	7	4	14	10	7	16	3	15	12	5	3	26	4	6	19	26	4	9
sID0199	36	9	6	13	14	16	29	2	402	457	116	11	6	2	17	0	24	23	3	3	5	6	54	0	63	1	8	7	72	0	4	14	52	18	9
sID0200	25	9	2	11	16	14	30	2	358	505	133	13	4	2	11	2	36	23	3	5	2	4	43	0	79	0	6	3	67	1	1	16	46	25	3
sID0201	32	20	0	10	9	13	29	3	419	481	69	18	7	0	4	0	25	26	4	3	3	7	48	0	75	0	4	12	67	3	3	16	61	21	3
sID0202	105	2	0	44	5	3	4	4	430	157	183	56	5	3	5	2	12	14	6	16	2	7	37	5	13	10	5	5	24	3	4	29	43	2	9
sID0203	122	0	0	69	13	0	7	2	493	185	235	66	5	0	0	2	31	11	7	28	7	9	42	7	22	18	7	10	29	3	4	36	36	2	9
sID0204	82	0	0	59	11	0	4	0	409	127	163	47	0	6	3	2	18	7	4	14	10	7	16	3	15	12	5	3	26	4	6	19	26	4	9
sID0205	36	9	6	13	14	16	29	2	402	457	116	11	6	2	17	0	24	23	3	3	5	6	54	0	63	1	8	7	72	0	4	14	52	18	9
sID0206	25	9	2	11	16	14	30	2	358	505	133	13	4	2	11	2	36	23	3	5	2	4	43	0	79	0	6	3	67	1	1	16	46	25	3
sID0207	32	20	0	10	9	13	29	3	419	481	69	18	7	0	4	0	25	26	4	3	3	7	48	0	75	0	4	12	67	3	3	16	61	21	3
sID0208	105	2	0	44	5	3	4	4	430	157	183	56	5	3	5	2	12	14	6	16	2	7	37	5	13	10	5	5	24	3	4	29	43	2	9
sID0209	122	0	0	69	13	0	7	2	493	185	235	66	5	0	0	2	31	11	7	28	7	9	42	7	22	18	7	10	29	3	4	36	36	2	9
sID0210	82	0	0	59	11	0	4	0	409	127	163	47	0	6	3	2	18	7	4	14	10	7	16	3	15	12	5	3	26	4	6	19	26	4	9
sID0211	36	9	6	13	14	16	29	2	402	457	116	11	6	2	17	0	24	23	3	3	5	6	54	0	63	1	8	7	72	0	4	14	52	18	9
sID0212	25	9	2	11	16	14	30	2	358	505	133	13	4	2	11	2	36	23	3	5	2	4	43	0	79	0	6	3	67	1	1	16	46	25	3
sID0213	32	20	0	10	9	13	29	3	419	481	69	18	7	0	4	0	25	26	4	3	3	7	48	0	75	0	4	12	67	3	3	16	61	21	3
sID0214	105	2	0	44	5	3	4	4	430	157	183	56	5	3	5	2	12	14	6	16	2	7	37	5	13	10	5	5	24	3	4	29	43	2	9
sID0215	122	0	0	69	13	0	7	2	493	185	235	66	5	0	0	2	31	11	7	28	7	9	42	7	22	18	7	10	29	3	4	36	36	2	9
sID0216	82	0	0	59	11	0	4	0	409	127	163	47	0	6	3	2	18	7	4	14	10	7	16	3	15	12	5	3	26	4	6	19	26	4	9
sID0217	36	9	6	13	14	16	29	2	402	457	116	11	6	2	17	0	24	23	3	3	5	6	54	0	63	1	8	7	72	0	4	14	52	18	9
sID0218	25	9	2	11	16	14	30	2	358	505	133	13	4	2	11	2	36	23	3	5	2	4	43	0	79	0	6	3	67	1	1	16	46	25	3
sID0219	32	20	0	10	9	13	29	3	419	481	69	18	7	0	4	0	25	26	4	3	3	7	48	0	75	0	4	12	67	3	3	16	61	21	3
sID0220	105	2	0	44	5	3	4	4	430	157	183	56	5	3	5	2	12	14	6	16	2	7	37	5	13	10	5	5	24	3	4	29	43	2	9
sID0221	122	0	0	69	13	0	7	2	493	185	235	66	5	0	0	2	31	11	7	28	7	9	42	7	22	18	7	10	29	3	4	36	36	2	9
sID0222	82	0	0	59	11	0	4	0	409	127	163	47	0	6	3	2	18	7	4	14	10	7	16	3	15	12	5	3	26	4	6	19	26	4	9
sID0223	36	9	6	13	14	16	29	2	402	457	116	11	6	2	17	0	24	23	3	3	5	6	54	0	63	1	8	7	72	0	4	14	52	18	9
sID0224	25	9	2	11	16	14	30	2	358	505	133	13	4	2	11	2	36	23	3	5	2	4	43	0	79	0	6	3	67	1	1	16	46	25	3
sID0225	32	20	0	10	9	13	29	3	419	481	69	18	7	0	4	0	25	26	4	3	3	7	48	0	75	0	4	12	67	3	3	16	61	21	3
sID0226	105	2	0	44	5	3	4	4	430	157	183	56	5	3	5	2	12	14	6	16	2	7	37	5	13	10	5	5	24	3	4	29	43	2	9
sID0227	122	0	0	69	13	0	7	2	493	185	235	66	5	0	0	2	31	11	7	28	7	9	42	7	22	18	7	10	29	3	4	36	36	2	9
sID0228	82	0	0	59	11	0	4	0	409	127	163	47	0	6	3	2	18	7	4	14	10	7	16	3	15	12	5	3	26	4	6	19	26	4	9
sID0229	36	9	6	13	14	16	29	2	402	457	116	11	6	2	17	0	24	23	3	3	5	6	54	0	63	1	8	7	72	0	4	14	52	18	9
sID0230	25	9	2	11	16	14	30	2	358	505	133	13	4	2	11	2	36	23	3	5	2	4	43	0	79	0	6	3	67	1	1	16	46	25	3
sID0231	32	20	0	10	9	13	29	3	419	481	69	18	7	0	4	0	25	26	4	3	3	7	48	0	75	0	4	12	67	3	3	16	61	21	3
sID0232	105	2	0	44	5	3	4	4	430	157	183	56	5	3	5	2	12	14	6	16	2	7	37	5	13	10	5	5	24	3	4	29	43	2	9
sID0233	122	0	0	69	13	0	7	2	493	185	235	66	5	0	0	2	31	11	7	28	7	9	42	7	22	18	7	10	29	3	4	36	36	2	9
sID0234	82	0	0	59	11	0	4	0	409	127	163	47	0	6	3	2	18	7	4	14	10	7	16	3	15	12	5	3	26	4	6	19	26	4	9
sID0235	36	9	6	13	14	16	29	2	402	457	116	11	6	2	17	0	24	23	3	3	5	6	54	0	63	1	8	7	72	0	4	14	52	18	9
sID0236	25	9	2	11	16	14	30	2	358	505	133	13	4	2	11	2	36	23	3	5	2	4	43	0	79	0	6	3	67	1	1	16	46	25	3
sID0237	32	20	0	10	9	13	29	3	419	481	69	18	7	0	4	0	25	26	4	3	3	7	48	0	75	0	4	12	67	3	3	16	61	21	3
sID0238	105	2	0	44	5	3	4	4	430	157	183	56	5	3	5	2	12	14	6	16	2	7	37	5	13	10	5	5	24	3	4	29	43	2	9
sID0239	122	0	0	69	13	0	7	2	493	185	235	66	5	0	0	2	31	11	7	28	7	9	42	7	22	18	7	10	29	3	4	36	36	2	9
sID0240	82	0	0	59	11	0	4	0	409	127	163	47	0	6	3	2	18	7	4	14	10	7	16	3	15	12	5	3	26	4	6	19	26	4	9
sID0241	36	9	6	13	14	16	29	2	402	457	116	11	6	2	17	0	24	23	3	3	5	6	54	0	63	1	8	7	72	0	4	14	52	18	9
sID0242	25	9	2	11	16	14	30	2	358	505	133	13	4	2	11	2	36	23	3	5	2	4	43	0	79	0	6	3	67	1	1	16	46	25	3
sID0243	32	20	0	10	9	13	29	3	419	481	69	18	7	0	4	0	25	26	4	3	3	7	48	0	75	0	4	12	67	3	3	16	61	21	3
sID0244	105	2	0	44	5	3	4	4	430	157	183	56	5	3	5	2	12	14	6	16	2	7	37	5	13	10	5	5	24	3	4	29	43	2	9
sID0245	122	0	0	69	13	0	7	2	493	185	235	66	5	0	0	2	31	11	7	28	7	9	42	7	22	18	7	10	29	3	4	36	36	2	9
sID0246	82	0	0	59	11	0	4	0	409	127	163	47	0	6	3	2	18	7	4	14	10	7	16	3	15	12	5	3	26	4	6	19	26	4	9
sID0247	36	9	6	13	14	16	29	2	402	457	116	11	6	2	17	0	24	23	3	3	5	6	54	0	63	1	8	7	72	0	4	14	52	18	9
sID0248	25	9	2	11	16	14	30	2	358	505	133	13	4	2	11	2	36	23	3	5	2	4	43	0	79	0	6	3	67	1	1	16	46	25	3
sID0249	32	20	0	10	9	13	29	3	419	481	69	18	7	0	4	0	25	26	4	3	3	7	48	0	75	0	4	12	67	3	3	16	61	21	3
sID0250	105	2	0	44	5	3	4	4	430	157	183	56	5	3	5	2	12	14	6	16	2	7	37	5	13	10	5	5	24	3	4	29	43	2	9
sID0251	122	0	0	69	13	0	7	2	493	185	235	66	5	0	0	2	31	11	7	28	7	9	42	7	22	18	7	10	29	3	4	36	36	2	9
sID0252	82	0	0	59	11	0	4	0	409	127	163	47	0	6	3	2	18	7	4	14	10	7	16	3	15	12	5	3	26	4	6	19	26	4	9
sID0253	36	9	6	13	14	16	29	2	402	457	116	11	6	2	17	0	24	23	3	3	5	6	54	0	63	1	8	7	72	0	4	14	52	18	9
sID0254	25	9	2	11	16	14	30	2	358	505	133	13	4	2	11	2	36	23	3	5	2	4	43	0	79	0	6	3	67	1	1	16	46	25	3
sID0255	32	20	0	10	9	13	29	3	419	481	69	18	7	0	4	0	25	26	4	3	3	7	48	0	75	0	4	12	67	3	3	16	61	21	3
sID0256	105	2	0	44	5	3	4	4	430	157	183	56	5	3	5	2	12	14	6	16	2	7	37	5	13	10	5	5	24	3	4	29	43	2	9
sID0257	122	0	0	69	13	0	7	2	493	185	235	66	5	0	0	2	31	11	7	28	7	9	42	7	22	18	7	10	29	3	4	36	36	2	9
sID0258	82	0	0	59	11	0	4	0	409	127	163	47	0	6	3	2	18	7	4	14	10	7	16	3	15	12	5	3	26	4	6	19	26	4	9
sID0259	36	9	6	13	14	16	29	2	402	457	116	11	6	2	17	0	24	23	3	3	5	6	54	0	63	1	8	7	72	0	4	14	52	18	9
sID0260	25	9	2	11	16	14	30	2	358	505	133	13	4	2	11	2	36	23	3	5	2	4	43	0	79	0	6	3	67	1	1	16	46	25	3
sID0261	32	20	0	10	9	13	29	3	419	481	69	18	7	0	4	0	25	26	4	3	3	7	48	0	75	0	4	12	67	3	3	16	61	21	3
sID0262	105	2	0	44	5	3	4	4	430	157	183	56	5	3	5	2	12	14	6	16	2	7	37	5	13	10	5	5	24	3	4	29	43	2	9
sID0263	122	0	0	69	13	0	7	2	493	185	235	66	5	0	0	2	31	11	7	28	7	9	42	7	22	18	7	10	29	3	4	36	36	2	9
sID0264	82	0	0	59	11	0	4	0	409	127	163	47	0	6	3	2	18	7	4	14	10	7	16	3	15	12	5	3	26	4	6	19	26	4	9
sID0265	36	9	6	13	14	16	29	2	402	457	116	11	6	2	17	0	24	23	3	3	5	6	54	0	63	1	8	7	72	0	4	14	52	18	9
sID0266	25	9	2	11	16	14	30	2	358	505	133	13	4	2	11	2	36	23	3	5	2	4	43	0	79	0	6	3	67	1	1	16	46	25	3
sID0267	32	20	0	10	9	13	29	3	419	481	69	18	7	0	4	0	25	26	4	3	3	7	48	0	75	0	4	12	67	3	3	16	61	21	3
sID0268	105	2	0	44	5	3	4	4	430	157	183	56	5	3	5	2	12	14	6	16	2	7	37	5	13	10	5	5	24	3	4	29	43	2	9
sID0269	122	0	0	69	13	0	7	2	493	185	235	66	5	0	0	2	31	11	7	28	7	9	42	7	22	18	7	10	29	3	4	36	36	2	9
sID0270	82	0	0	59	11	0	4	0	409	127	163	47	0	6	3	2	18	7	4	14	10	7	16	3	15	12	5	3	26	4	6	19	26	4	9
sID0271	36	9	6	13	14	16	29	2	402	457	116	11	6	2	17	0	24	23	3	3	5	6	54	0	63	1	8	7	72	0	4	14	52	18	9
sID0272	25	9	2	11	16	14	30	2	358	505	133	13	4	2	11	2	36	23	3	5	2	4	43	0	79	0	6	3	67	1	1	16	46	25	3
sID0273	32	20	0	10	9	13	29	3	419	481	69	18	7	0	4	0	25	26	4	3	3	7	48	0	75	0	4	12	67	3	3	16	61	21	3
sID0274	105	2	0	44	5	3	4	4	430	157	183	56	5	3	5	2	12	14	6	16	2	7	37	5	13	10	5	5	24	3	4	29	43	2	9
sID0275	122	0	0	69	13	0	7	2	493	185	235	66	5	0	0	2	31	11	7	28	7	9	42	7	22	18	7	10	29	3	4	36	36	2	9
sID0276	82	0	0	59	11	0	4	0	409	127	163	47	0	6	3	2	18	7	4	14	10	7	16	3	15	12	5	3	26	4	6	19	26	4	9
sID0277	36	9	6	13	14	16	29	2	402	457	116	11	6	2	17	0	24	23	3	3	5	6	54	0	63	1	8	7	72	0	4	14	52	18	9
sID0278	25	9	2	11	16	14	30	2	358	505	133	13	4	2	11	2	36	23	3	5	2	4	43	0	79	0	6	3	67	1	1	16	46	25	3
sID0279	32	20	0	10	9	13	29	3	419	481	69	18	7	0	4	0	25	26	4	3	3	7	48	0	75	0	4	12	67	3	3	16	61	21	3
sID0280	105	2	0	44	5	3	4	4	430	157	183	56	5	3	5	2	12	14	6	16	2	7	37	5	13	10	5	5	24	3	4	29	43	2	9
sID0281	122	0	0	69	13	0	7	2	493	185	235	66	5	0	0	2	31	11	7	28	7	9	42	7	22	18	7	10	29	3	4	36	36	2	9
sID0282	82	0	0	59	11	0	4	0	409	127	163	47	0	6	3	2	18	7	4	14	10	7	16	3	15	12	5	3	26	4	6	19	26	4	9
sID0283	36	9	6	13	14	16	29	2	402	457	116	11	6	2	17	0	24	23	3	3	5	6	54	0	63	1	8	7	72	0	4	14	52	18	9
sID0284	25	9	2	11	16	14	30	2	358	505	133	13	4	2	11	2	36	23	3	5	2	4	43	0	79	0	6	3	67	1	1	16	46	25	3
sID0285	32	20	0	10	9	13	29	3	419	481	69	18	7	0	4	0	25	26	4	3	3	7	48	0	75	0	4	12	67	3	3	16	61	21	3
sID0286	105	2	0	44	5	3	4	4	430	157	183	56	5	3	5	2	12	14	6	16	2	7	37	5	13	10	5	5	24	3	4	29	43	2	9
sID0287	122	0	0	69	13	0	7	2	493	185	235	66	5	0	0	2	31	11	7	28	7	9	42	7	22	18	7	10	29	3	4	36	36	2	9
sID0288	82	0	0	59	11	0	4	0	409	127	163	47	0	6	3	2	18	7	4	14	10	7	16	3	15	12	5	3	26	4	6	19	26	4	9
sID0289	36	9	6	13	14	16	29	2	402	457	116	11	6	2	17	0	24	23	3	3	5	6	54	0	63	1	8	7	72	0	4	14	52	18	9
sID0290	25	9	2	11	16	14	30	2	358	505	133	13	4	2	11	2	36	23	3	5	2	4	43	0	79	0	6	3	67	1	1	16	46	25	3
sID0291	32	20	0	10	9	13	29	3	419	481	69	18	7	0	4	0	25	26	4	3	3	7	48	0	75	0	4	12	67	3	3	16	61	21	3
sID0292	105	2	0	44	5	3	4	4	430	157	183	56	5	3	5	2	12	14	6	16	2	7	37	5	13	10	5	5	24	3	4	29	43	2	9
sID0293	122	0	0	69	13	0	7	2	493	185	235	66	5	0	0	2	31	11	7	28	7	9	42	7	22	18	7	10	29	3	4	36	36	2	9
sID0294	82	0	0	59	11	0	4	0	409	127	163	47	0	6	3	2	18	7	4	14	10	7	16	3	15	12	5	3	26	4	6	19	26	4	9
sID0295	36	9	6	13	14	16	29	2	402	457	116	11	6	2	17	0	24	23	3	3	5	6	54	0	63	1	8	7	72	0	4	14	52	18	9
sID0296	25	9	2	11	16	14	30	2	358	505	133	13	4	2	11	2	36	23	3	5	2	4	43	0	79	0	6	3	67	1	1	16	46	25	3
sID0297	32	20	0	10	9	13	29	3	419	481	69	18	7	0	4	0	25	26	4	3	3	7	48	0	75	0	4	12	67	3	3	16	61	21	3
sID0298	105	2	0	44	5	3	4	4	430	157	183	56	5	3	5	2	12	14	6	16	2	7	37	5	13	10	5	5	24	3	4	29	43	2	9
sID0299	122	0	0	69	13	0	7	2	493	185	235	66	5	0	0	2	31	11	7	28	7	9	42	7	22	18	7	10	29	3	4	36	36	2	9
sID0300	82	0	0	59	11	0	4	0	409	127	163	47	0	6	3	2	18	7	4	14	10	7	16	3	15	12	5	3	26	4	6	19	26	4	9
sID0301	36	9	6	13	14	16	29	2	402	457	116	11	6	2	17	0	24	23	3	3	5	6	54	0	63	1	8	7	72	0	4	14	52	18	9
sID0302	25	9	2	11	16	14	30	2	358	505	133	13	4	2	11	2	36	23	3	5	2	4	43	0	79	0	6	3	67	1	1	16	46	25	3
sID0303	32	20	0	10	9	13	29	3	419	481	69	18	7	0	4	0	25	26	4	3	3	7	48	0	75	0	4	12	67	3	3	16	61	21	3
sID0304	105	2	0	44	5	3	4	4	430	157	183	56	5	3	5	2	12	14	6	16	2	7	37	5	13	10	5	5	24	3	4	29	43	2	9
sID0305	122	0	0	69	13	0	7	2	493	185	235	66	5	0	0	2	31	11	7	28	7	9	42	7	22	18	7	10	29	3	4	36	36	2	9
sID0306	82	0	0	59	11	0	4	0	409	127	163	47	0	6	3	2	18	7	4	14	10	7	16	3	15	12	5	3	26	4	6	19	26	4	9
sID0307	36	9	6	13	14	16	29	2	402	457	116	11	6	2	17	0	24	23	3	3	5	6	54	0	63	1	8	7	72	0	4	14	52	18	9
sID0308	25	9	2	11	16	14	30	2	358	505	133	13	4	2	11	2	36	23	3	5	2	4	43	0	79	0	6	3	67	1	1	16	46	25	3
sID0309	32	20	0	10	9	13	29	3	419	481	69	18	7	0	4	0	25	26	4	3	3	7	48	0	75	0	4	12	67	3	3	16	61	21	3
sID0310	105	2	0	44	5	3	4	4	430	157	183	56	5	3	5	2	12	14	6	16	2	7	37	5	13	10	5	5	24	3	4	29	43	2	9
sID0311	122	0	0	69	13	0	7	2	493	185	235	66	5	0	0	2	31	11	7	28	7	9	42	7	22	18	7	10	29	3	4	36	36	2	9
sID0312	82	0	0	59	11	0	4	0	409	127	163	47	0	6	3	2	18	7	4	14	10	7	16	3	15	12	5	3	26	4	6	19	26	4	9
sID0313	36	9	6	13	14	16	29	2	402	457	116	11	6	2	17	0	24	23	3	3	5	6	54	0	63	1	8	7	72	0	4	14	52	18	9
sID0314	25	9	2	11	16	14	30	2	358	505	133	13	4	2	11	2	36	23	3	5	2	4	43	0	79	0	6	3	67	1	1	16	46	25	3
sID0315	32	20	0	10	9	13	29	3	419	481	69	18	7	0	4	0	25	26	4	3	3	7	48	0	75	0	4	12	67	3	3	16	61	21	3
sID0316	105	2	0	44	5	3	4	4	430	157	183	56	5	3	5	2	12	14	6	16	2	7	37	5	13	10	5	5	24	3	4	29	43	2	9
sID0317	122	0	0	69	13	0	7	2	493	185	235	66	5	0	0	2	31	11	7	28	7	9	42	7	22	18	7	10	29	3	4	36	36	2	9
sID0318	82	0	0	59	11	0	4	0	409	127	163	47	0	6	3	2	18	7	4	14	10	7	16	3	15	12	5	3	26	4	6	19	26	4	9
sID0319	36	9	6	13	14	16	29	2	402	457	116	11	6	2	17	0	24	23	3	3	5	6	54	0	63	1	8	7	72	0	4	14	52	18	9
sID0320	25	9	2	11	16	14	30	2	358	505	133	13	4	2	11	2	36	23	3	5	2	4	43	0	79	0	6	3	67	1	1	16	46	25	3
sID0321	32	20	0	10	9	13	29	3	419	481	69	18	7	0	4	0	25	26	4	3	3	7	48	0	75	0	4	12	67	3	3	16	61	21	3
sID0322	105	2	0	44	5	3	4	4	430	157	183	56	5	3	5	2	12	14	6	16	2	7	37	5	13	10	5	5	24	3	4	29	43	2	9
sID0323	122	0	0	69	13	0	7	2	493	185	235	66	5	0	0	2	31	11	7	28	7	9	42	7	22	18	7	10	29	3	4	36	36	2	9
sID0324	82	0	0	59	11	0	4	0	409	127	163	47	0	6	3	2	18	7	4	14	10	7	16	3	15	12	5	3	26	4	6	19	26	4	9
sID0325	36	9	6	13	14	16	29	2	402	457	116	11	6	2	17	0	24	23	3	3	5	6	54	0	63	1	8	7	72	0	4	14	52	18	9
sID0326	25	9	2	11	16	14	30	2	358	505	133	13	4	2	11	2	36	23	3	5	2	4	43	0	79	0	6	3	67	1	1	16	46	25	3
sID0327	32	20	0	10	9	13	29	3	419	481	69	18	7	0	4	0	25	26	4	3	3	7	48	0	75	0	4	12	67	3	3	16	61	21	3
sID0328	105	2	0	44	5	3	4	4	430	157	183	56	5	3	5	2	12	14	6	16	2	7	37	5	13	10	5	5	24	3	4	29	43	2	9
sID0329	122	0	0	69	13	0	7	2	493	185	235	66	5	0	0	2	31	11	7	28	7	9	42	7	22	18	7	10	29	3	4	36	36	2	9
sID0330	82	0	0	59	11	0	4	0	409	127	163	47	0	6	3	2	18	7	4	14	10	7	16	3	15	12	5	3	26	4	6	19	26	4	9
sID0331	36	9	6	13	14	16	29	2	402	457	116	11	6	2	17	0	24	23	3	3	5	6	54	0	63	1	8	7	72	0	4	14	52	18	9
sID0332	25	9	2	11	16	14	30	2	358	505	133	13	4	2	11	2	36	23	3	5	2	4	43	0	79	0	6	3	67	1	1	16	46	25	3
sID0333	32	20	0	10	9	13	29	3	419	481	69	18	7	0	4	0	25	26	4	3	3	7	48	0	75	0	4	12	67	3	3	16	61	21	3
sID0334	105	2	0	44	5	3	4	4	430	157	183	56	5	3	5	2	12	14	6	16	2	7	37	5	13	10	5	5	24	3	4	29	43	2	9
sID0335	122	0	0	69	13	0	7	2	493	185	235	66	5	0	0	2	31	11	7	28	7	9	42	7	22	18	7	10	29	3	4	36	36	2	9
sID0336	82	0	0	59	11	0	4	0	409	127	163	47	0	6	3	2	18	7	4	14	10	7	16	3	15	12	5	3	26	4	6	19	26	4	9
sID0337	36	9	6	13	14	16	29	2	402	457	116	11	6	2	17	0	24	23	3	3	5	6	54	0	63	1	8	7	72	0	4	14	52	18	9
sID0338	25	9	2	11	16	14	30	2	358	505	133	13	4	2	11	2	36	23	3	5	2	4	43	0	79	0	6	3	67	1	1	16	46	25	3
sID0339	32	20	0	10	9	13	29	3	419	481	69	18	7	0	4	0	25	26	4	3	3	7	48	0	75	0	4	12	67	3	3	16	61	21	3
sID0340	105	2	0	44	5	3	4	4	430	157	183	56	5	3	5	2	12	14	6	16	2	7	37	5	13	10	5	5	24	3	4	29	43	2	9
sID0341	122	0	0	69	13	0	7	2	493	185	235	66	5	0	0	2	31	11	7	28	7	9	42	7	22	18	7	10	29	3	4	36	36	2	9
sID0342	82	0	0	59	11	0	4	0	409	127	163	47	0	6	3	2	18	7	4	14	10	7	16	3	15	12	5	3	26	4	6	19	26	4	9
sID0343	36	9	6	13	14	16	29	2	402	457	116	11	6	2	17	0	24	23	3	3	5	6	54	0	63	1	8	7	72	0	4	14	52	18	9
sID0344	25	9	2	11	16	14	30	2	358	505	133	13	4	2	11	2	36	23	3	5	2	4	43	0	79	0	6	3	67	1	1	16	46	25	3
sID0345	32	20	0	10	9	13	29	3	419	481	69	18	7	0	4	0	25	26	4	3	3	7	48	0	75	0	4	12	67	3	3	16	61	21	3
sID0346	105	2	0	44	5	3	4	4	430	157	183	56	5	3	5	2	12	14	6	16	2	7	37	5	13	10	5	5	24	3	4	29	43	2	9
sID0347	122	0	0	69	13	0	7	2	493	185	235	66	5	0	0	2	31	11	7	28	7	9	42	7	22	18	7	10	29	3	4	36	36	2	9
sID0348	82	0	0	59	11	0	4	0	409	127	163	47	0	6	3	2	18	7	4	14	10	7	16	3	15	12	5	3	26	4	6	19	26	4	9
sID0349	36	9	6	13	14	16	29	2	402	457	116	11	6	2	17	0	24	23	3	3	5	6	54	0	63	1	8	7	72	0	4	14	52	18	9
sID0350	25	9	2	11	16	14	30	2	358	505	133	13	4	2	11	2	36	23	3	5	2	4	43	0	79	0	6	3	67	1	1	16	46	25	3
sID0351	32	20	0	10	9	13	29	3	419	481	69	18	7	0	4	0	25	26	4	3	3	7	48	0	75	0	4	12	67	3	3	16	61	21	3
sID0352	105	2	0	44	5	3	4	4	430	157	183	56	5	3	5	2	12	14	6	16	2	7	37	5	13	10	5	5	24	3	4	29	43	2	9
sID0353	122	0	0	69	13	0	7	2	493	185	235	66	5	0	0	2	31	11	7	28	7	9	42	7	22	18	7	10	29	3	4	36	36	2	9
sID0354	82	0	0	59	11	0	4	0	409	127	163	47	0	6	3	2	18	7	4	14	10	7	16	3	15	12	5	3	26	4	6	19	26	4	9
sID0355	36	9	6	13	14	16	29	2	402	457	116	11	6	2	17	0	24	23	3	3	5	6	54	0	63	1	8	7	72	0	4	14	52	18	9
sID0356	25	9	2	11	16	14	30	2	358	505	133	13	4	2	11	2	36	23	3	5	2	4	43	0	79	0	6	3	67	1	1	16	46	25	3
sID0357	32	20	0	10	9	13	29	3	419	481	69	18	7	0	4	0	25	26	4	3	3	7	48	0	75	0	4	12	67	3	3	16	61	21	3
sID0358	105	2	0	44	5	3	4	4	430	157	183	56	5	3	5	2	12	14	6	16	2	7	37	5	13	10	5	5	24	3	4	29	43	2	9
sID0359	122	0	0	69	13	0	7	2	493	185	235	66	5	0	0	2	31	11	7	28	7	9	42	7	22	18	7	10	29	3	4	36	36	2	9
sID0360	82	0	0	59	11	0	4	0	409	127	163	47	0	6	3	2	18	7	4	14	10	7	16	3	15	12	5	3	26	4	6	19	26	4	9
sID0361	36	9	6	13	14	16	29	2	402	457	116	11	6	2	17	0	24	23	3	3	5	6	54	0	63	1	8	7	72	0	4	14	52	18	9
sID0362	25	9	2	11	16	14	30	2	358	505	133	13	4	2	11	2	36	23	3	5	2	4	43	0	79	0	6	3	67	1	1	16	46	25	3
sID0363	32	20	0	10	9	13	29	3	419	481	69	18	7	0	4	0	25	26	4	3	3	7	48	0	75	0	4	12	67	3	3	16	61	21	3
sID0364	105	2	0	44	5	3	4	4	430	157	183	56	5	3	5	2	12	14	6	16	2	7	37	5	13	10	5	5	24	3	4	29	43	2	9
sID0365	122	0	0	69	13	0	7	2	493	185	235	66	5	0	0	2	31	11	7	28	7	9	42	7	22	18	7	10	29	3	4	36	36	2	9
sID0366	82	0	0	59	11	0	4	0	409	127	163	47	0	6	3	2	18	7	4	14	10	7	16	3	15	12	5	3	26	4	6	19	26	4	9
sID0367	36	9	6	13	14	16	29	2	402	457	116	11	6	2	17	0	24	23	3	3	5	6	54	0	63	1	8	7	72	0	4	14	52	18	9
sID0368	25	9	2	11	16	14	30	2	358	505	133	13	4	2	11	2	36	23	3	5	2	4	43	0	79	0	6	3	67	1	1	16	46	25	3
sID0369	32	20	0	10	9	13	29	3	419	481	69	18	7	0	4	0	25	26	4	3	3	7	48	0	75	0	4	12	67	3	3	16	61	21	3
sID0370	105	2	0	44	5	3	4	4	430	157	183	56	5	3	5	2	12	14	6	16	2	7	37	5	13	10	5	5	24	3	4	29	43	2	9
sID0371	122	0	0	69	13	0	7	2	493	185	235	66	5	0	0	2	31	11	7	28	7	9	42	7	22	18	7	10	29	3	4	36	36	2	9
sID0372	82	0	0	59	11	0	4	0	409	127	163	47	0	6	3	2	18	7	4	14	10	7	16	3	15	12	5	3	26	4	6	19	26	4	9
sID0373	36	9	6	13	14	16	29	2	402	457	116	11	6	2	17	0	24	23	3	3	5	6	54	0	63	1	8	7	72	0	4	14	52	18	9
sID0374	25	9	2	11	16	14	30	2	358	505	133	13	4	2	11	2	36	23	3	5	2	4	43	0	79	0	6	3	67	1	1	16	46	25	3
sID0375	32	20	0	10	9	13	29	3	419	481	69	18	7	0	4	0	25	26	4	3	3	7	48	0	75	0	4	12	67	3	3	16	61	21	3
sID0376	105	2	0	44	5	3	4	4	430	157	183	56	5	3	5	2	12	14	6	16	2	7	37	5	13	10	5	5	24	3	4	29	43	2	9
sID0377	122	0	0	69	13	0	7	2	493	185	235	66	5	0	0	2	31	11	7	28	7	9	42	7	22	18	7	10	29	3	4	36	36	2	9
sID0378	82	0	0	59	11	0	4	0	409	127	163	47	0	6	3	2	18	7	4	14	10	7	16	3	15	12	5	3	26	4	6	19	26	4	9
sID0379	36	9	6	13	14	16	29	2	402	457	116	11	6	2	17	0	24	23	3	3	5	6	54	0	63	1	8	7	72	0	4	14	52	18	9
sID0380	25	9	2	11	16	14	30	2	358	505	133	13	4	2	11	2	36	23	3	5	2	4	43	0	79	0	6	3	67	1	1	16	46	25	3
sID0381	32	20	0	10	9	13	29	3	419	481	69	18	7	0	4	0	25	26	4	3	3	7	48	0	75	0	4	12	67	3	3	16	61	21	3
sID0382	105	2	0	44	5	3	4	4	430	157	183	56	5	3	5	2	12	14	6	16	2	7	37	5	13	10	5	5	24	3	4	29	43	2	9
sID0383	122	0	0	69	13	0	7	2	493	185	235	66	5	0	0	2	31	11	7	28	7	9	42	7	22	18	7	10	29	3	4	36	36	2	9
sID0384	82	0	0	59	11	0	4	0	409	127	163	47	0	6	3	2	18	7	4	14	10	7	16	3	15	12	5	3	26	4	6	19	26	4	9
sID0385	36	9	6	13	14	16	29	2	402	457	116	11	6	2	17	0	24	23	3	3	5	6	54	0	63	1	8	7	72	0	4	14	52	18	9
sID0386	25	9	2	11	16	14	30	2	358	505	133	13	4	2	11	2	36	23	3	5	2	4	43	0	79	0	6	3	67	1	1	16	46	25	3
sID0387	32	20	0	10	9	13	29	3	419	481	69	18	7	0	4	0	25	26	4	3	3	7	48	0	75	0	4	12	67	3	3	16	61	21	3
sID0388	105	2	0	44	5	3	4	4	430	157	183	56	5	3	5	2	12	14	6	16	2	7	37	5	13	10	5	5	24	3	4	29	43	2	9
sID0389	122	0	0	69	13	0	7	2	493	185	235	66	5	0	0	2	31	11	7	28	7	9	42	7	22	18	7	10	29	3	4	36	36	2	9
sID0390	82	0	0	59	11	0	4	0	409	127	163	47	0	6	3	2	18	7	4	14	10	7	16	3	15	12	5	3	26	4	6	19	26	4	9
sID0391	36	9	6	13	14	16	29	2	402	457	116	11	6	2	17	0	24	23	3	3	5	6	54	0	63	1	8	7	72	0	4	14	52	18	9
sID0392	25	9	2	11	16	14	30	2	358	505	133	13	4	2	11	2	36	23	3	5	2	4	43	0	79	0	6	3	67	1	1	16	46	25	3
sID0393	32	20	0	10	9	13	29	3	419	481	69	18	7	0	4	0	25	26	4	3	3	7	48	0	75	0	4	12	67	3	3	16	61	21	3
sID0394	105	2	0	44	5	3	4	4	430	157	183	56	5	3	5	2	12	14	6	16	2	7	37	5	13	10	5	5	24	3	4	29	43	2	9
sID0395	122	0	0	69	13	0	7	2	493	185	235	66	5	0	0	2	31	11	7	28	7	9	42	7	22	18	7	10	29	3	4	36	36	2	9
sID0396	82	0	0	59	11	0	4	0	409	127	163	47	0	6	3	2	18	7	4	14	10	7	16	3	15	12	5	3	26	4	6	19	26	4	9
sID0397	36	9	6	13	14	16	29	2	402	457	116	11	6	2	17	0	24	23	3	3	5	6	54	0	63	1	8	7	72	0	4	14	52	18	9
sID0398	25	9	2	11	16	14	30	2	358	505	133	13	4	2	11	2	36	23	3	5	2	4	43	0	79	0	6	3	67	1	1	16	46	25	3
sID0399	32	20	0	10	9	13	29	3	419	481	69	18	7	0	4	0	25	26	4	3	3	7	48	0	75	0	4	12	67	3	3	16	61	21	3
sID0400	105	2	0	44	5	3	4	4	430	157	183	56	5	3	5	2	12	14	6	16	2	7	37	5	13	10	5	5	24	3	4	29	43	2	9
sID0401	122	0	0	69	13	0	7	2	493	185	235	66	5	0	0	2	31	11	7	28	7	9	42	7	22	18	7	10	29	3	4	36	36	2	9
sID0402	82	0	0	59	11	0	4	0	409	127	163	47	0	6	3	2	18	7	4	14	10	7	16	3	15	12	5	3	26	4	6	19	26	4	9
sID0403	36	9	6	13	14	16	29	2	402	457	116	11	6	2	17	0	24	23	3	3	5	6	54	0	63	1	8	7	72	0	4	14	52	18	9
sID0404	25	9	2	11	16	14	30	2	358	505	133	13	4	2	11	2	36	23	3	5	2	4	43	0	79	0	6	3	67	1	1	16	46	25	3
sID0405	32	20	0	10	9	13	29	3	419	481	69	18	7	0	4	0	25	26	4	3	3	7	48	0	75	0	4	12	67	3	3	16	61	21	3
sID0406	105	2	0	44	5	3	4	4	430	157	183	56	5	3	5	2	12	14	6	16	2	7	37	5	13	10	5	5	24	3	4	29	43	2	9
sID0407	122	0	0	69	13	0	7	2	493	185	235	66	5	0	0	2	31	11	7	28	7	9	42	7	22	18	7	10	29	3	4	36	36	2	9
sID0408	82	0	0	59	11	0	4	0	409	127	163	47	0	6	3	2	18	7	4	14	10	7	16	3	15	12	5	3	26	4	6	19	26	4	9
sID0409	36	9	6	13	14	16	29	2	402	457	116	11	6	2	17	0	24	23	3	3	5	6	54	0	63	1	8	7	72	0	4	14	52	18	9
sID0410	25	9	2	11	16	14	30	2	358	505	133	13	4	2	11	2	36	23	3	5	2	4	43	0	79	0	6	3	67	1	1	16	46	25	3
sID0411	32	20	0	10	9	13	29	3	419	481	69	18	7	0	4	0	25	26	4	3	3	7	48	0	75	0	4	12	67	3	3	16	61	21	3
sID0412	105	2	0	44	5	3	4	4	430	157	183	56	5	3	5	2	12	14	6	16	2	7	37	5	13	10	5	5	24	3	4	29	43	2	9
sID0413	122	0	0	69	13	0	7	2	493	185	235	66	5	0	0	2	31	11	7	28	7	9	42	7	22	18	7	10	29	3	4	36	36	2	9
sID0414	82	0	0	59	11	0	4	0	409	127	163	47	0	6	3	2	18	7	4	14	10	7	16	3	15	12	5	3	26	4	6	19	26	4	9
sID0415	36	9	6	13	14	16	29	2	402	457	116	11	6	2	17	0	24	23	3	3	5	6	54	0	63	1	8	7	72	0	4	14	52	18	9
sID0416	25	9	2	11	16	14	30	2	358	505	133	13	4	2	11	2	36	23	3	5	2	4	43	0	79	0	6	3	67	1	1	16	46	25	3
sID0417	32	20	0	10	9	13	29	3	419	481	69	18	7	0	4	0	25	26	4	3	3	7	48	0	75	0	4	12	67	3	3	16	61	21	3
sID0418	105	2	0	44	5	3	4	4	430	157	183	56	5	3	5	2	12	14	6	16	2	7	37	5	13	10	5	5	24	3	4	29	43	2	9
sID0419	122	0	0	69	13	0	7	2	493	185	235	66	5	0	0	2	31	11	7	28	7	9	42	7	22	18	7	10	29	3	4	36	36	2	9
sID0420	82	0	0	59	11	0	4	0	409	127	163	47	0	6	3	2	18	7	4	14	10	7	16	3	15	12	5	3	26	4	6	19	26	4	9
sID0421	36	9	6	13	14	16	29	2	402	457	116	11	6	2	17	0	24	23	3	3	5	6	54	0	63	1	8	7	72	0	4	14	52	18	9
sID0422	25	9	2	11	16	14	30	2	358	505	133	13	4	2	11	2	36	23	3	5	2	4	43	0	79	0	6	3	67	1	1	16	46	25	3
sID0423	32	20	0	10	9	13	29	3	419	481	69	18	7	0	4	0	25	26	4	3	3	7	48	0	75	0	4	12	67	3	3	16	61	21	3
sID0424	105	2	0	44	5	3	4	4	430	157	183	56	5	3	5	2	12	14	6	16	2	7	37	5	13	10	5	5	24	3	4	29	43	2	9
sID0425	122	0	0	69	13	0	7	2	493	185	235	66	5	0	0	2	31	11	7	28	7	9	42	7	22	18	7	10	29	3	4	36	36	2	9
sID0426	82	0	0	59	11	0	4	0	409	127	163	47	0	6	3	2	18	7	4	14	10	7	16	3	15	12	5	3	26	4	6	19	26	4	9
sID0427	36	9	6	13	14	16	29	2	402	457	116	11	6	2	17	0	24	23	3	3	5	6	54	0	63	1	8	7	72	0	4	14	52	18	9
sID0428	25	9	2	11	16	14	30	2	358	505	133	13	4	2	11	2	36	23	3	5	2	4	43	0	79	0	6	3	67	1	1	16	46	25	3
sID0429	32	20	0	10	9	13	29	3	419	481	69	18	7	0	4	0	25	26	4	3	3	7	48	0	75	0	4	12	67	3	3	16	61	21	3
sID0430	105	2	0	44	5	3	4	4	430	157	183	56	5	3	5	2	12	14	6	16	2	7	37	5	13	10	5	5	24	3	4	29	43	2	9
sID0431	122	0	0	69	13	0	7	2	493	185	235	66	5	0	0	2	31	11	7	28	7	9	42	7	22	18	7	10	29	3	4	36	36	2	9
sID0432	82	0	0	59	11	0	4	0	409	127	163	47	0	6	3	2	18	7	4	14	10	7	16	3	15	12	5	3	26	4	6	19	26	4	9
sID0433	36	9	6	13	14	16	29	2	402	457	116	11	6	2	17	0	24	23	3	3	5	6	54	0	63	1	8	7	72	0	4	14	52	18	9
sID0434	25	9	2	11	16	14	30	2	358	505	133	13	4	2	11	2	36	23	3	5	2	4	43	0	79	0	6	3	67	1	1	16	46	25	3
sID0435	32	20	0	10	9	13	29	3	419	481	69	18	7	0	4	0	25	26	4	3	3	7	48	0	75	0	4	12	67	3	3	16	61	21	3
sID0436	105	2	0	44	5	3	4	4	430	157	183	56	5	3	5	2	12	14	6	16	2	7	37	5	13	10	5	5	24	3	4	29	43	2	9
sID0437	122	0	0	69	13	0	7	2	493	185	235	66	5	0	0	2	31	11	7	28	7	9	42	7	22	18	7	10	29	3	4	36	36	2	9
sID0438	82	0	0	59	11	0	4	0	409	127	163	47	0	6	3	2	18	7	4	14	10	7	16	3	15	12	5	3	26	4	6	19	26	4	9
sID0439	36	9	6	13	14	16	29	2	402	457	116	11	6	2	17	0	24	23	3	3	5	6	54	0	63	1	8	7	72	0	4	14	52	18	9
sID0440	25	9	2	11	16	14	30	2	358	505	133	13	4	2	11	2	36	23	3	5	2	4	43	0	79	0	6	3	67	1	1	16	46	25	3
sID0441	32	20	0	10	9	13	29	3	419	481	69	18	7	0	4	0	25	26	4	3	3	7	48	0	75	0	4	12	67	3	3	16	61	21	3
sID0442	105	2	0	44	5	3	4	4	430	157	183	56	5	3	5	2	12	14	6	16	2	7	37	5	13	10	5	5	24	3	4	29	43	2	9
sID0443	122	0	0	69	13	0	7	2	493	185	235	66	5	0	0	2	31	11	7	28	7	9	42	7	22	18	7	10	29	3	4	36	36	2	9
sID0444	82	0	0	59	11	0	4	0	409	127	163	47	0	6	3	2	18	7	4	14	10	7	16	3	15	12	5	3	26	4	6	19	26	4	9
sID0445	36	9	6	13	14	16	29	2	402	457	116	11	6	2	17	0	24	23	3	3	5	6	54	0	63	1	8	7	72	0	4	14	52	18	9
sID0446	25	9	2	11	16	14	30	2	358	505	133	13	4	2	11	2	36	23	3	5	2	4	43	0	79	0	6	3	67	1	1	16	46	25	3
sID0447	32	20	0	10	9	13	29	3	419	481	69	18	7	0	4	0	25	26	4	3	3	7	48	0	75	0	4	12	67	3	3	16	61	21	3
sID0448	105	2	0	44	5	3	4	4	430	157	183	56	5	3	5	2	12	14	6	16	2	7	37	5	13	10	5	5	24	3	4	29	43	2	9
sID0449	122	0	0	69	13	0	7	2	493	185	235	66	5	0	0	2	31	11	7	28	7	9	42	7	22	18	7	10	29	3	4	36	36	2	9
sID0450	82	0	0	59	11	0	4	0	409	127	163	47	0	6	3	2	18	7	4	14	10	7	16	3	15	12	5	3	26	4	6	19	26	4	9
sID0451	36	9	6	13	14	16	29	2	402	457	116	11	6	2	17	0	24	23	3	3	5	6	54	0	63	1	8	7	72	0	4	14	52	18	9
sID0452	25	9	2	11	16	14	30	2	358	505	133	13	4	2	11	2	36	23	3	5	2	4	43	0	79	0	6	3	67	1	1	16	46	25	3
sID0453	32	20	0	10	9	13	29	3	419	481	69	18	7	0	4	0	25	26	4	3	3	7	48	0	75	0	4	12	67	3	3	16	61	21	3
sID0454	105	2	0	44	5	3	4	4	430	157	183	56	5	3	5	2	12	14	6	16	2	7	37	5	13	10	5	5	24	3	4	29	43	2	9
sID0455	122	0	0	69	13	0	7	2	493	185	235	66	5	0	0	2	31	11	7	28	7	9	42	7	22	18	7	10	29	3	4	36	36	2	9
sID0456	82	0	0	59	11	0	4	0	409	127	163	47	0	6	3	2	18	7	4	14	10	7	16	3	15	12	5	3	26	4	6	19	26	4	9
sID0457	36	9	6	13	14	16	29	2	402	457	116	11	6	2	17	0	24	23	3	3	5	6	54	0	63	1	8	7	72	0	4	14	52	18	9
sID0458	25	9	2	11	16	14	30	2	358	505	133	13	4	2	11	2	36	23	3	5	2	4	43	0	79	0	6	3	67	1	1	16	46	25	3
sID0459	32	20	0	10	9	13	29	3	419	481	69	18	7	0	4	0	25	26	4	3	3	7	48	0	75	0	4	12	67	3	3	16	61	21	3
sID0460	105	2	0	44	5	3	4	4	430	157	183	56	5	3	5	2	12	14	6	16	2	7	37	5	13	10	5	5	24	3	4	29	43	2	9
sID0461	122	0	0	69	13	0	7	2	493	185	235	66	5	0	0	2	31	11	7	28	7	9	42	7	22	18	7	10	29	3	4	36	36	2	9
sID0462	82	0	0	59	11	0	4	0	409	127	163	47	0	6	3	2	18	7	4	14	10	7	16	3	15	12	5	3	26	4	6	19	26	4	9
sID0463	36	9	6	13	14	16	29	2	402	457	116	11	6	2	17	0	24	23	3	3	5	6	54	0	63	1	8	7	72	0	4	14	52	18	9
sID0464	25	9	2	11	16	14	30	2	358	505	133	13	4	2	11	2	36	23	3	5	2	4	43	0	79	0	6	3	67	1	1	16	46	25	3
sID0465	32	20	0	10	9	13	29	3	419	481	69	18	7	0	4	0	25	26	4	3	3	7	48	0	75	0	4	12	67	3	3	16	61	21	3
sID0466	105	2	0	44	5	3	4	4	430	157	183	56	5	3	5	2	12	14	6	16	2	7	37	5	13	10	5	5	24	3	4	29	43	2	9
sID0467	122	0	0	69	13	0	7	2	493	185	235	66	5	0	0	2	31	11	7	28	7	9	42	7	22	18	7	10	29	3	4	36	36	2	9
sID0468	82	0	0	59	11	0	4	0	409	127	163	47	0	6	3	2	18	7	4	14	10	7	16	3	15	12	5	3	26	4	6	19	26	4	9
sID0469	36	9	6	13	14	16	29	2	402	457	116	11	6	2	17	0	24	23	3	3	5	6	54	0	63	1	8	7	72	0	4	14	52	18	9
sID0470	25	9	2	11	16	14	30	2	358	505	133	13	4	2	11	2	36	23	3	5	2	4	43	0	79	0	6	3	67	1	1	16	46	25	3
sID0471	32	20	0	10	9	13	29	3	419	481	69	18	7	0	4	0	25	26	4	3	3	7	48	0	75	0	4	12	67	3	3	16	61	21	3
sID0472	105	2	0	44	5	3	4	4	430	157	183	56	5	3	5	2	12	14	6	16	2	7	37	5	13	10	5	5	24	3	4	29	43	2	9
sID0473	122	0	0	69	13	0	7	2	493	185	235	66	5	0	0	2	31	11	7	28	7	9	42	7	22	18	7	10	29	3	4	36	36	2	9
sID0474	82	0	0	59	11	0	4	0	409	127	163	47	0	6	3	2	18	7	4	14	10	7	16	3	15	12	5	3	26	4	6	19	26	4	9
sID0475	36	9	6	13	14	16	29	2	402	457	116	11	6	2	17	0	24	23	3	3	5	6	54	0	63	1	8	7	72	0	4	14	52	18	9
sID0476	25	9	2	11	16	14	30	2	358	505	133	13	4	2	11	2	36	23	3	5	2	4	43	0	79	0	6	3	67	1	1	16	46	25	3
sID0477	32	20	0	10	9	13	29	3	419	481	69	18	7	0	4	0	25	26	4	3	3	7	48	0	75	0	4	12	67	3	3	16	61	21	3
sID0478	105	2	0	44	5	3	4	4	430	157	183	56	5	3	5	2	12	14	6	16	2	7	37	5	13	10	5	5	24	3	4	29	43	2	9
sID0479	122	0	0	69	13	0	7	2	493	185	235	66	5	0	0	2	31	11	7	28	7	9	42	7	22	18	7	10	29	3	4	36	36	2	9
sID0480	82	0	0	59	11	0	4	0	409	127	163	47	0	6	3	2	18	7	4	14	10	7	16	3	15	12	5	3	26	4	6	19	26	4	9
sID0481	36	9	6	13	14	16	29	2	402	457	116	11	6	2	17	0	24	23	3	3	5	6	54	0	63	1	8	7	72	0	4	14	52	18	9
sID0482	25	9	2	11	16	14	30	2	358	505	133	13	4	2	11	2	36	23	3	5	2	4	43	0	79	0	6	3	67	1	1	16	46	25	3
sID0483	32	20	0	10	9	13	29	3	419	481	69	18	7	0	4	0	25	26	4	3	3	7	48	0	75	0	4	12	67	3	3	16	61	21	3
sID0484	105	2	0	44	5	3	4	4	430	157	183	56	5	3	5	2	12	14	6	16	2	7	37	5	13	10	5	5	24	3	4	29	43	2	9
sID0485	122	0	0	69	13	0	7	2	493	185	235	66	5	0	0	2	31	11	7	28	7	9	42	7	22	18	7	10	29	3	4	36	36	2	9
sID0486	82	0	0	59	11	0	4	0	409	127	163	47	0	6	3	2	18	7	4	14	10	7	16	3	15	12	5	3	26	4	6	19	26	4	9
sID0487	36	9	6	13	14	16	29	2	402	457	116	11	6	2	17	0	24	23	3	3	5	6	54	0	63	1	8	7	72	0	4	14	52	18	9
sID0488	25	9	2	11	16	14	30	2	358	505	133	13	4	2	11	2	36	23	3	5	2	4	43	0	79	0	6	3	67	1	1	16	46	25	3
sID0489	32	20	0	10	9	13	29	3	419	481	69	18	7	0	4	0	25	26	4	3	3	7	48	0	75	0	4	12	67	3	3	16	61	21	3
sID0490	105	2	0	44	5	3	4	4	430	157	183	56	5	3	5	2	12	14	6	16	2	7	37	5	13	10	5	5	24	3	4	29	43	2	9
sID0491	122	0	0	69	13	0	7	2	493	185	235	66	5	0	0	2	31	11	7	28	7	9	42	7	22	18	7	10	29	3	4	36	36	2	9
sID0492	82	0	0	59	11	0	4	0	409	127	163	47	0	6	3	2	18	7	4	14	10	7	16	3	15	12	5	3	26	4	6	19	26	4	9
sID0493	36	9	6	13	14	16	29	2	402	457	116	11	6	2	17	0	24	23	3	3	5	6	54	0	63	1	8	7	72	0	4	14	52	18	9
sID0494	25	9	2	11	16	14	30	2	358	505	133	13	4	2	11	2	36	23	3	5	2	4	43	0	79	0	6	3	67	1	1	16	46	25	3
sID0495	32	20	0	10	9	13	29	3	419	481	69	18	7	0	4	0	25	26	4	3	3	7	48	0	75	0	4	12	67	3	3	16	61	21	3
sID0496	105	2	0	44	5	3	4	4	430	157	183	56	5	3	5	2	12	14	6	16	2	7	37	5	13	10	5	5	24	3	4	29	43	2	9
sID0497	122	0	0	69	13	0	7	2	493	185	235	66	5	0	0	2	31	11	7	28	7	9	42	7	22	18	7	10	29	3	4	36	36	2	9
sID0498	82	0	0	59	11	0	4	0	409	127	163	47	0	6	3	2	18	7	4	14	10	7	16	3	15	12	5	3	26	4	6	19	26	4	9
sID0499	36	9	6	13	14	16	29	2	402	457	116	11	6	2	17	0	24	23	3	3	5	6	54	0	63	1	8	7	72	0	4	14	52	18	9
sID0500	25	9	2	11	16	14	30	2	358	505	133	13	4	2	11	2	36	23	3	5	2	4	43	0	79	0	6	3	67	1	1	16	46	25	3
sID0501	32	20	0	10	9	13	29	3	419	481	69	18	7	0	4	0	25	26	4	3	3	7	48	0	75	0	4	12	67	3	3	16	61	21	3
sID0502	105	2	0	44	5	3	4	4	430	157	183	56	5	3	5	2	12	14	6	16	2	7	37	5	13	10	5	5	24	3	4	29	43	2	9
sID0503	122	0	0	69	13	0	7	2	493	185	235	66	5	0	0	2	31	11	7	28	7	9	42	7	22	18	7	10	29	3	4	36	36	2	9
sID0504	82	0	0	59	11	0	4	0	409	127	163	47	0	6	3	2	18	7	4	14	10	7	16	3	15	12	5	3	26	4	6	19	26	4	9
sID0505	36	9	6	13	14	16	29	2	402	457	116	11	6	2	17	0	24	23	3	3	5	6	54	0	63	1	8	7	72	0	4	14	52	18	9
sID0506	25	9	2	11	16	14	30	2	358	505	133	13	4	2	11	2	36	23	3	5	2	4	43	0	79	0	6	3	67	1	1	16	46	25	3
sID0507	32	20	0	10	9	13	29	3	419	481	69	18	7	0	4	0	25	26	4	3	3	7	48	0	75	0	4	12	67	3	3	16	61	21	3
sID0508	105	2	0	44	5	3	4	4	430	157	183	56	5	3	5	2	12	14	6	16	2	7	37	5	13	10	5	5	24	3	4	29	43	2	9
sID0509	122	0	0	69	13	0	7	2	493	185	235	66	5	0	0	2	31	11	7	28	7	9	42	7	22	18	7	10	29	3	4	36	36	2	9
sID0510	82	0	0	59	11	0	4	0	409	127	163	47	0	6	3	2	18	7	4	14	10	7	16	3	15	12	5	3	26	4	6	19	26	4	9
sID0511	36	9	6	13	14	16	29	2	402	457	116	11	6	2	17	0	24	23	3	3	5	6	54	0	63	1	8	7	72	0	4	14	52	18	9
sID0512	25	9	2	11	16	14	30	2	358	505	133	13	4	2	11	2	36	23	3	5	2	4	43	0	79	0	6	3	67	1	1	16	46	25	3
sID0513	32	20	0	10	9	13	29	3	419	481	69	18	7	0	4	0	25	26	4	3	3	7	48	0	75	0	4	12	67	3	3	16	61	21	3
sID0514	105	2	0	44	5	3	4	4	430	157	183	56	5	3	5	2	12	14	6	16	2	7	37	5	13	10	5	5	24	3	4	29	43	2	9
sID0515	122	0	0	69	13	0	7	2	493	185	235	66	5	0	0	2	31	11	7	28	7	9	42	7	22	18	7	10	29	3	4	36	36	2	9
sID0516	82	0	0	59	11	0	4	0	409	127	163	47	0	6	3	2	18	7	4	14	10	7	16	3	15	12	5	3	26	4	6	19	26	4	9
sID0517	36	9	6	13	14	16	29	2	402	457	116	11	6	2	17	0	24	23	3	3	5	6	54	0	63	1	8	7	72	0	4	14	52	18	9
sID0518	25	9	2	11	16	14	30	2	358	505	133	13	4	2	11	2	36	23	3	5	2	4	43	0	79	0	6	3	67	1	1	16	46	25	3
sID0519	32	20	0	10	9	13	29	3	419	481	69	18	7	0	4	0	25	26	4	3	3	7	48	0	75	0	4	12	67	3	3	16	61	21	3
sID0520	105	2	0	44	5	3	4	4	430	157	183	56	5	3	5	2	12	14	6	16	2	7	37	5	13	10	5	5	24	3	4	29	43	2	9
sID0521	122	0	0	69	13	0	7	2	493	185	235	66	5	0	0	2	31	11	7	28	7	9	42	7	22	18	7	10	29	3	4	36	36	2	9
sID0522	82	0	0	59	11	0	4	0	409	127	163	47	0	6	3	2	18	7	4	14	10	7	16	3	15	12	5	3	26	4	6	19	26	4	9
sID0523	36	9	6	13	14	16	29	2	402	457	116	11	6	2	17	0	24	23	3	3	5	6	54	0	63	1	8	7	72	0	4	14	52	18	9
sID0524	25	9	2	11	16	14	30	2	358	505	133	13	4	2	11	2	36	23	3	5	2	4	43	0	79	0	6	3	67	1	1	16	46	25	3
sID0525	32	20	0	10	9	13	29	3	419	481	69	18	7	0	4	0	25	26	4	3	3	7	48	0	75	0	4	12	67	3	3	16	61	21	3
sID0526	105	2	0	44	5	3	4	4	430	157	183	56	5	3	5	2	12	14	6	16	2	7	37	5	13	10	5	5	24	3	4	29	43	2	9
sID0527	122	0	0	69	13	0	7	2	493	185	235	66	5	0	0	2	31	11	7	28	7	9	42	7	22	18	7	10	29	3	4	36	36	2	9
sID0528	82	0	0	59	11	0	4	0	409	127	163	47	0	6	3	2	18	7	4	14	10	7	16	3	15	12	5	3	26	4	6	19	26	4	9
sID0529	36	9	6	13	14	16	29	2	402	457	116	11	6	2	17	0	24	23	3	3	5	6	54	0	63	1	8	7	72	0	4	14	52	18	9
sID0530	25	9	2	11	16	14	30	2	358	505	133	13	4	2	11	2	36	23	3	5	2	4	43	0	79	0	6	3	67	1	1	16	46	25	3
sID0531	32	20	0	10	9	13	29	3	419	481	69	18	7	0	4	0	25	26	4	3	3	7	48	0	75	0	4	12	67	3	3	16	61	21	3
sID0532	105	2	0	44	5	3	4	4	430	157	183	56	5	3	5	2	12	14	6	16	2	7	37	5	13	10	5	5	24	3	4	29	43	2	9
sID0533	122	0	0	69	13	0	7	2	493	185	235	66	5	0	0	2	31	11	7	28	7	9	42	7	22	18	7	10	29	3	4	36	36	2	9
sID0534	82	0	0	59	11	0	4	0	409	127	163	47	0	6	3	2	18	7	4	14	10	7	16	3	15	12	5	3	26	4	6	19	26	4	9
sID0535	36	9	6	13	14	16	29	2	402	457	116	11	6	2	17	0	24	23	3	3	5	6	54	0	63	1	8	7	72	0	4	14	52	18	9
sID0536	25	9	2	11	16	14	30	2	358	505	133	13	4	2	11	2	36	23	3	5	2	4	43	0	79	0	6	3	67	1	1	16	46	25	3
sID0537	32	20	0	10	9	13	29	3	419	481	69	18	7	0	4	0	25	26	4	3	3	7	48	0	75	0	4	12	67	3	3	16	61	21	3
sID0538	105	2	0	44	5	3	4	4	430	157	183	56	5	3	5	2	12	14	6	16	2	7	37	5	13	10	5	5	24	3	4	29	43	2	9
sID0539	122	0	0	69	13	0	7	2	493	185	235	66	5	0	0	2	31	11	7	28	7	9	42	7	22	18	7	10	29	3	4	36	36	2	9
sID0540	82	0	0	59	11	0	4	0	409	127	163	47	0	6	3	2	18	7	4	14	10	7	16	3	15	12	5	3	26	4	6	19	26	4	9
sID0541	36	9	6	13	14	16	29	2	402	457	116	11	6	2	17	0	24	23	3	3	5	6	54	0	63	1	8	7	72	0	4	14	52	18	9
sID0542	25	9	2	11	16	14	30	2	358	505	133	13	4	2	11	2	36	23	3	5	2	4	43	0	79	0	6	3	67	1	1	16	46	25	3
sID0543	32	20	0	10	9	13	29	3	419	481	69	18	7	0	4	0	25	26	4	3	3	7	48	0	75	0	4	12	67	3	3	16	61	21	3
sID0544	105	2	0	44	5	3	4	4	430	157	183	56	5	3	5	2	12	14	6	16	2	7	37	5	13	10	5	5	24	3	4	29	43	2	9
sID0545	122	0	0	69	13	0	7	2	493	185	235	66	5	0	0	2	31	11	7	28	7	9	42	7	22	18	7	10	29	3	4	36	36	2	9
sID0546	82	0	0	59	11	0	4	0	409	127	163	47	0	6	3	2	18	7	4	14	10	7	16	3	15	12	5	3	26	4	6	19	26	4	9
sID0547	36	9	6	13	14	16	29	2	402	457	116	11	6	2	17	0	24	23	3	3	5	6	54	0	63	1	8	7	72	0	4	14	52	18	9
sID0548	25	9	2	11	16	14	30	2	358	505	133	13	4	2	11	2	36	23	3	5	2	4	43	0	79	0	6	3	67	1	1	16	46	25	3
sID0549	32	20	0	10	9	13	29	3	419	481	69	18	7	0	4	0	25	26	4	3	3	7	48	0	75	0	4	12	67	3	3	16	61	21	3
sID0550	105	2	0	44	5	3	4	4	430	157	183	56	5	3	5	2	12	14	6	16	2	7	37	5	13	10	5	5	24	3	4	29	43	2	9
sID0551	122	0	0	69	13	0	7	2	493	185	235	66	5	0	0	2	31	11	7	28	7	9	42	7	22	18	7	10	29	3	4	36	36	2	9
sID0552	82	0	0	59	11	0	4	0	409	127	163	47	0	6	3	2	18	7	4	14	10	7	16	3	15	12	5	3	26	4	6	19	26	4	9
sID0553	36	9	6	13	14	16	29	2	402	457	116	11	6	2	17	0	24	23	3	3	5	6	54	0	63	1	8	7	72	0	4	14	52	18	9
sID0554	25	9	2	11	16	14	30	2	358	505	133	13	4	2	11	2	36	23	3	5	2	4	43	0	79	0	6	3	67	1	1	16	46	25	3
sID0555	32	20	0	10	9	13	29	3	419	481	69	18	7	0	4	0	25	26	4	3	3	7	48	0	75	0	4	12	67	3	3	16	61	21	3
sID0556	105	2	0	44	5	3	4	4	430	157	183	56	5	3	5	2	12	14	6	16	2	7	37	5	13	10	5	5	24	3	4	29	43	2	9
sID0557	122	0	0	69	13	0	7	2	493	185	235	66	5	0	0	2	31	11	7	28	7	9	42	7	22	18	7	10	29	3	4	36	36	2	9
sID0558	82	0	0	59	11	0	4	0	409	127	163	47	0	6	3	2	18	7	4	14	10	7	16	3	15	12	5	3	26	4	6	19	26	4	9
sID0559	36	9	6	13	14	16	29	2	402	457	116	11	6	2	17	0	24	23	3	3	5	6	54	0	63	1	8	7	72	0	4	14	52	18	9
sID0560	25	9	2	11	16	14	30	2	358	505	133	13	4	2	11	2	36	23	3	5	2	4	43	0	79	0	6	3	67	1	1	16	46	25	3
sID0561	32	20	0	10	9	13	29	3	419	481	69	18	7	0	4	0	25	26	4	3	3	7	48	0	75	0	4	12	67	3	3	16	61	21	3
sID0562	105	2	0	44	5	3	4	4	430	157	183	56	5	3	5	2	12	14	6	16	2	7	37	5	13	10	5	5	24	3	4	29	43	2	9
sID0563	122	0	0	69	13	0	7	2	493	185	235	66	5	0	0	2	31	11	7	28	7	9	42	7	22	18	7	10	29	3	4	36	36	2	9
sID0564	82	0	0	59	11	0	4	0	409	127	163	47	0	6	3	2	18	7	4	14	10	7	16	3	15	12	5	3	26	4	6	19	26	4	9
sID0565	36	9	6	13	14	16	29	2	402	457	116	11	6	2	17	0	24	23	3	3	5	6	54	0	63	1	8	7	72	0	4	14	52	18	9
sID0566	25	9	2	11	16	14	30	2	358	505	133	13	4	2	11	2	36	23	3	5	2	4	43	0	79	0	6	3	67	1	1	16	46	25	3
sID0567	32	20	0	10	9	13	29	3	419	481	69	18	7	0	4	0	25	26	4	3	3	7	48	0	75	0	4	12	67	3	3	16	61	21	3
sID0568	105	2	0	44	5	3	4	4	430	157	183	56	5	3	5	2	12	14	6	16	2	7	37	5	13	10	5	5	24	3	4	29	43	2	9
sID0569	122	0	0	69	13	0	7	2	493	185	235	66	5	0	0	2	31	11	7	28	7	9	42	7	22	18	7	10	29	3	4	36	36	2	9
sID0570	82	0	0	59	11	0	4	0	409	127	163	47	0	6	3	2	18	7	4	14	10	7	16	3	15	12	5	3	26	4	6	19	26	4	9
sID0571	36	9	6	13	14	16	29	2	402	457	116	11	6	2	17	0	24	23	3	3	5	6	54	0	63	1	8	7	72	0	4	14	52	18	9
sID0572	25	9	2	11	16	14	30	2	358	505	133	13	4	2	11	2	36	23	3	5	2	4	43	0	79	0	6	3	67	1	1	16	46	25	3
sID0573	32	20	0	10	9	13	29	3	419	481	69	18	7	0	4	0	25	26	4	3	3	7	48	0	75	0	4	12	67	3	3	16	61	21	3
sID0574	105	2	0	44	5	3	4	4	430	157	183	56	5	3	5	2	12	14	6	16	2	7	37	5	13	10	5	5	24	3	4	29	43	2	9
sID0575	122	0	0	69	13	0	7	2	493	185	235	66	5	0	0	2	31	11	7	28	7	9	42	7	22	18	7	10	29	3	4	36	36	2	9
sID0576	82	0	0	59	11	0	4	0	409	127	163	47	0	6	3	2	18	7	4	14	10	7	16	3	15	12	5	3	26	4	6	19	26	4	9
sID0577	36	9	6	13	14	16	29	2	402	457	116	11	6	2	17	0	24	23	3	3	5	6	54	0	63	1	8	7	72	0	4	14	52	18	9
sID0578	25	9	2	11	16	14	30	2	358	505	133	13	4	2	11	2	36	23	3	5	2	4	43	0	79	0	6	3	67	1	1	16	46	25	3
sID0579	32	20	0	10	9	13	29	3	419	481	69	18	7	0	4	0	25	26	4	3	3	7	48	0	75	0	4	12	67	3	3	16	61	21	3
sID0580	105	2	0	44	5	3	4	4	430	157	183	56	5	3	5	2	12	14	6	16	2	7	37	5	13	10	5	5	24	3	4	29	43	2	9
sID0581	122	0	0	69	13	0	7	2	493	185	235	66	5	0	0	2	31	11	7	28	7	9	42	7	22	18	7	10	29	3	4	36	36	2	9
sID0582	82	0	0	59	11	0	4	0	409	127	163	47	0	6	3	2	18	7	4	14	10	7	16	3	15	12	5	3	26	4	6	19	26	4	9
sID0583	36	9	6	13	14	16	29	2	402	457	116	11	6	2	17	0	24	23	3	3	5	6	54	0	63	1	8	7	72	0	4	14	52	18	9
sID0584	25	9	2	11	16	14	30	2	358	505	133	13	4	2	11	2	36	23	3	5	2	4	43	0	79	0	6	3	67	1	1	16	46	25	3
sID0585	32	20	0	10	9	13	29	3	419	481	69	18	7	0	4	0	25	26	4	3	3	7	48	0	75	0	4	12	67	3	3	16	61	21	3
sID0586	105	2	0	44	5	3	4	4	430	157	183	56	5	3	5	2	12	14	6	16	2	7	37	5	13	10	5	5	24	3	4	29	43	2	9
sID0587	122	0	0	69	13	0	7	2	493	185	235	66	5	0	0	2	31	11	7	28	7	9	42	7	22	18	7	10	29	3	4	36	36	2	9
sID0588	82	0	0	59	11	0	4	0	409	127	163	47	0	6	3	2	18	7	4	14	10	7	16	3	15	12	5	3	26	4	6	19	26	4	9
sID0589	36	9	6	13	14	16	29	2	402	457	116	11	6	2	17	0	24	23	3	3	5	6	54	0	63	1	8	7	72	0	4	14	52	18	9
sID0590	25	9	2	11	16	14	30	2	358	505	133	13	4	2	11	2	36	23	3	5	2	4	43	0	79	0	6	3	67	1	1	16	46	25	3
sID0591	32	20	0	10	9	13	29	3	419	481	69	18	7	0	4	0	25	26	4	3	3	7	48	0	75	0	4	12	67	3	3	16	61	21	3
sID0592	105	2	0	44	5	3	4	4	430	157	183	56	5	3	5	2	12	14	6	16	2	7	37	5	13	10	5	5	24	3	4	29	43	2	9
sID0593	122	0	0	69	13	0	7	2	493	185	235	66	5	0	0	2	31	11	7	28	7	9	42	7	22	18	7	10	29	3	4	36	36	2	9
sID0594	82	0	0	59	11	0	4	0	409	127	163	47	0	6	3	2	18	7	4	14	10	7	16	3	15	12	5	3	26	4	6	19	26	4	9
sID0595	36	9	6	13	14	16	29	2	402	457	116	11	6	2	17	0	24	23	3	3	5	6	54	0	63	1	8	7	72	0	4	14	52	18	9
sID0596	25	9	2	11	16	14	30	2	358	505	133	13	4	2	11	2	36	23	3	5	2	4	43	0	79	0	6	3	67	1	1	16	46	25	3
sID0597	32	20	0	10	9	13	29	3	419	481	69	18	7	0	4	0	25	26	4	3	3	7	48	0	75	0	4	12	67	3	3	16	61	21	3
sID0598	105	2	0	44	5	3	4	4	430	157	183	56	5	3	5	2	12	14	6	16	2	7	37	5	13	10	5	5	24	3	4	29	43	2	9
sID0599	122	0	0	69	13	0	7	2	493	185	235	66	5	0	0	2	31	11	7	28	7	9	42	7	22	18	7	10	29	3	4	36	36	2	9
sID0600	82	0	0	59	11	0	4	0	409	127	163	47	0	6	3	2	18	7	4	14	10	7	16	3	15	12	5	3	26	4	6	19	26	4	9
sID0601	36	9	6	13	14	16	29	2	402	457	116	11	6	2	17	0	24	23	3	3	5	6	54	0	63	1	8	7	72	0	4	14	52	18	9
sID0602	25	9	2	11	16	14	30	2	358	505	133	13	4	2	11	2	36	23	3	5	2	4	43	0	79	0	6	3	67	1	1	16	46	25	3
sID0603	32	20	0	10	9	13	29	3	419	481	69	18	7	0	4	0	25	26	4	3	3	7	48	0	75	0	4	12	67	3	3	16	61	21	3
sID0604	105	2	0	44	5	3	4	4	430	157	183	56	5	3	5	2	12	14	6	16	2	7	37	5	13	10	5	5	24	3	4	29	43	2	9
sID0605	122	0	0	69	13	0	7	2	493	185	235	66	5	0	0	2	31	11	7	28	7	9	42	7	22	18	7	10	29	3	4	36	36	2	9
sID0606	82	0	0	59	11	0	4	0	409	127	163	47	0	6	3	2	18	7	4	14	10	7	16	3	15	12	5	3	26	4	6	19	26	4	9
sID0607	36	9	6	13	14	16	29	2	402	457	116	11	6	2	17	0	24	23	3	3	5	6	54	0	63	1	8	7	72	0	4	14	52	18	9
sID0608	25	9	2	11	16	14	30	2	358	505	133	13	4	2	11	2	36	23	3	5	2	4	43	0	79	0	6	3	67	1	1	16	46	25	3
sID0609	32	20	0	10	9	13	29	3	419	481	69	18	7	0	4	0	25	26	4	3	3	7	48	0	75	0	4	12	67	3	3	16	61	21	3
sID0610	105	2	0	44	5	3	4	4	430	157	183	56	5	3	5	2	12	14	6	16	2	7	37	5	13	10	5	5	24	3	4	29	43	2	9
sID0611	122	0	0	69	13	0	7	2	493	185	235	66	5	0	0	2	31	11	7	28	7	9	42	7	22	18	7	10	29	3	4	36	36	2	9
sID0612	82	0	0	59	11	0	4	0	409	127	163	47	0	6	3	2	18	7	4	14	10	7	16	3	15	12	5	3	26	4	6	19	26	4	9
sID0613	36	9	6	13	14	16	29	2	402	457	116	11	6	2	17	0	24	23	3	3	5	6	54	0	63	1	8	7	72	0	4	14	52	18	9
sID0614	25	9	2	11	16	14	30	2	358	505	133	13	4	2	11	2	36	23	3	5	2	4	43	0	79	0	6	3	67	1	1	16	46	25	3
sID0615	32	20	0	10	9	13	29	3	419	481	69	18	7	0	4	0	25	26	4	3	3	7	48	0	75	0	4	12	67	3	3	16	61	21	3
sID0616	105	2	0	44	5	3	4	4	430	157	183	56	5	3	5	2	12	14	6	16	2	7	37	5	13	10	5	5	24	3	4	29	43	2	9
sID0617	122	0	0	69	13	0	7	2	493	185	235	66	5	0	0	2	31	11	7	28	7	9	42	7	22	18	7	10	29	3	4	36	36	2	9
sID0618	82	0	0	59	11	0	4	0	409	127	163	47	0	6	3	2	18	7	4	14	10	7	16	3	15	12	5	3	26	4	6	19	26	4	9
sID0619	36	9	6	13	14	16	29	2	402	457	116	11	6	2	17	0	24	23	3	3	5	6	54	0	63	1	8	7	72	0	4	14	52	18	9
sID0620	25	9	2	11	16	14	30	2	358	505	133	13	4	2	11	2	36	23	3	5	2	4	43	0	79	0	6	3	67	1	1	16	46	25	3
sID0621	32	20	0	10	9	13	29	3	419	481	69	18	7	0	4	0	25	26	4	3	3	7	48	0	75	0	4	12	67	3	3	16	61	21	3
sID0622	105	2	0	44	5	3	4	4	430	157	183	56	5	3	5	2	12	14	6	16	2	7	37	5	13	10	5	5	24	3	4	29	43	2	9
sID0623	122	0	0	69	13	0	7	2	493	185	235	66	5	0	0	2	31	11	7	28	7	9	42	7	22	18	7	10	29	3	4	36	36	2	9
sID0624	82	0	0	59	11	0	4	0	409	127	163	47	0	6	3	2	18	7	4	14	10	7	16	3	15	12	5	3	26	4	6	19	26	4	9
sID0625	36	9	6	13	14	16	29	2	402	457	116	11	6	2	17	0	24	23	3	3	5	6	54	0	63	1	8	7	72	0	4	14	52	18	9
sID0626	25	9	2	11	16	14	30	2	358	505	133	13	4	2	11	2	36	23	3	5	2	4	43	0	79	0	6	3	67	1	1	16	46	25	3
sID0627	32	20	0	10	9	13	29	3	419	481	69	18	7	0	4	0	25	26	4	3	3	7	48	0	75	0	4	12	67	3	3	16	61	21	3
sID0628	105	2	0	44	5	3	4	4	430	157	183	56	5	3	5	2	12	14	6	16	2	7	37	5	13	10	5	5	24	3	4	29	43	2	9
sID0629	122	0	0	69	13	0	7	2	493	185	235	66	5	0	0	2	31	11	7	28	7	9	42	7	22	18	7	10	29	3	4	36	36	2	9
sID0630	82	0	0	59	11	0	4	0	409	127	163	47	0	6	3	2	18	7	4	14	10	7	16	3	15	12	5	3	26	4	6	19	26	4	9
sID0631	36	9	6	13	14	16	29	2	402	457	116	11	6	2	17	0	24	23	3	3	5	6	54	0	63	1	8	7	72	0	4	14	52	18	9
sID0632	25	9	2	11	16	14	30	2	358	505	133	13	4	2	11	2	36	23	3	5	2	4	43	0	79	0	6	3	67	1	1	16	46	25	3
sID0633	32	20	0	10	9	13	29	3	419	481	69	18	7	0	4	0	25	26	4	3	3	7	48	0	75	0	4	12	67	3	3	16	61	21	3
sID0634	105	2	0	44	5	3	4	4	430	157	183	56	5	3	5	2	12	14	6	16	2	7	37	5	13	10	5	5	24	3	4	29	43	2	9
sID0635	122	0	0	69	13	0	7	2	493	185	235	66	5	0	0	2	31	11	7	28	7	9	42	7	22	18	7	10	29	3	4	36	36	2	9
sID0636	82	0	0	59	11	0	4	0	409	127	163	47	0	6	3	2	18	7	4	14	10	7	16	3	15	12	5	3	26	4	6	19	26	4	9
sID0637	36	9	6	13	14	16	29	2	402	457	116	11	6	2	17	0	24	23	3	3	5	6	54	0	63	1	8	7	72	0	4	14	52	18	9
sID0638	25	9	2	11	16	14	30	2	358	505	133	13	4	2	11	2	36	23	3	5	2	4	43	0	79	0	6	3	67	1	1	16	46	25	3
sID0639	32	20	0	10	9	13	29	3	419	481	69	18	7	0	4	0	25	26	4	3	3	7	48	0	75	0	4	12	67	3	3	16	61	21	3
sID0640	105	2	0	44	5	3	4	4	430	157	183	56	5	3	5	2	12	14	6	16	2	7	37	5	13	10	5	5	24	3	4	29	43	2	9
sID0641	122	0	0	69	13	0	7	2	493	185	235	66	5	0	0	2	31	11	7	28	7	9	42	7	22	18	7	10	29	3	4	36	36	2	9
sID0642	82	0	0	59	11	0	4	0	409	127	163	47	0	6	3	2	18	7	4	14	10	7	16	3	15	12	5	3	26	4	6	19	26	4	9
sID0643	36	9	6	13	14	16	29	2	402	457	116	11	6	2	17	0	24	23	3	3	5	6	54	0	63	1	8	7	72	0	4	14	52	18	9
sID0644	25	9	2	11	16	14	30	2	358	505	133	13	4	2	11	2	36	23	3	5	2	4	43	0	79	0	6	3	67	1	1	16	46	25	3
sID0645	32	20	0	10	9	13	29	3	419	481	69	18	7	0	4	0	25	26	4	3	3	7	48	0	75	0	4	12	67	3	3	16	61	21	3
sID0646	105	2	0	44	5	3	4	4	430	157	183	56	5	3	5	2	12	14	6	16	2	7	37	5	13	10	5	5	24	3	4	29	43	2	9
sID0647	122	0	0	69	13	0	7	2	493	185	235	66	5	0	0	2	31	11	7	28	7	9	42	7	22	18	7	10	29	3	4	36	36	2	9
sID0648	82	0	0	59	11	0	4	0	409	127	163	47	0	6	3	2	18	7	4	14	10	7	16	3	15	12	5	3	26	4	6	19	26	4	9
sID0649	36	9	6	13	14	16	29	2	402	457	116	11	6	2	17	0	24	23	3	3	5	6	54	0	63	1	8	7	72	0	4	14	52	18	9
sID0650	25	9	2	11	16	14	30	2	358	505	133	13	4	2	11	2	36	23	3	5	2	4	43	0	79	0	6	3	67	1	1	16	46	25	3
sID0651	32	20	0	10	9	13	29	3	419	481	69	18	7	0	4	0	25	26	4	3	3	7	48	0	75	0	4	12	67	3	3	16	61	21	3
sID0652	105	2	0	44	5	3	4	4	430	157	183	56	5	3	5	2	12	14	6	16	2	7	37	5	13	10	5	5	24	3	4	29	43	2	9
sID0653	122	0	0	69	13	0	7	2	493	185	235	66	5	0	0	2	31	11	7	28	7	9	42	7	22	18	7	10	29	3	4	36	36	2	9
sID0654	82	0	0	59	11	0	4	0	409	127	163	47	0	6	3	2	18	7	4	14	10	7	16	3	15	12	5	3	26	4	6	19	26	4	9
sID0655	36	9	6	13	14	16	29	2	402	457	116	11	6	2	17	0	24	23	3	3	5	6	54	0	63	1	8	7	72	0	4	14	52	18	9
sID0656	25	9	2	11	16	14	30	2	358	505	133	13	4	2	11	2	36	23	3	5	2	4	43	0	79	0	6	3	67	1	1	16	46	25	3
sID0657	32	20	0	10	9	13	29	3	419	481	69	18	7	0	4	0	25	26	4	3	3	7	48	0	75	0	4	12	67	3	3	16	61	21	3
sID0658	105	2	0	44	5	3	4	4	430	157	183	56	5	3	5	2	12	14	6	16	2	7	37	5	13	10	5	5	24	3	4	29	43	2	9
sID0659	122	0	0	69	13	0	7	2	493	185	235	66	5	0	0	2	31	11	7	28	7	9	42	7	22	18	7	10	29	3	4	36	36	2	9
sID0660	82	0	0	59	11	0	4	0	409	127	163	47	0	6	3	2	18	7	4	14	10	7	16	3	15	12	5	3	26	4	6	19	26	4	9
sID0661	36	9	6	13	14	16	29	2	402	457	116	11	6	2	17	0	24	23	3	3	5	6	54	0	63	1	8	7	72	0	4	14	52	18	9
sID0662	25	9	2	11	16	14	30	2	358	505	133	13	4	2	11	2	36	23	3	5	2	4	43	0	79	0	6	3	67	1	1	16	46	25	3
sID0663	32	20	0	10	9	13	29	3	419	481	69	18	7	0	4	0	25	26	4	3	3	7	48	0	75	0	4	12	67	3	3	16	61	21	3
sID0664	105	2	0	44	5	3	4	4	430	157	183	56	5	3	5	2	12	14	6	16	2	7	37	5	13	10	5	5	24	3	4	29	43	2	9
sID0665	122	0	0	69	13	0	7	2	493	185	235	66	5	0	0	2	31	11	7	28	7	9	42	7	22	18	7	10	29	3	4	36	36	2	9
sID0666	82	0	0	59	11	0	4	0	409	127	163	47	0	6	3	2	18	7	4	14	10	7	16	3	15	12	5	3	26	4	6	19	26	4	9
sID0667	36	9	6	13	14	16	29	2	402	457	116	11	6	2	17	0	24	23	3	3	5	6	54	0	63	1	8	7	72	0	4	14	52	18	9
sID0668	25	9	2	11	16	14	30	2	358	505	133	13	4	2	11	2	36	23	3	5	2	4	43	0	79	0	6	3	67	1	1	16	46	25	3
sID0669	32	20	0	10	9	13	29	3	419	481	69	18	7	0	4	0	25	26	4	3	3	7	48	0	75	0	4	12	67	3	3	16	61	21	3
sID0670	105	2	0	44	5	3	4	4	430	157	183	56	5	3	5	2	12	14	6	16	2	7	37	5	13	10	5	5	24	3	4	29	43	2	9
sID0671	122	0	0	69	13	0	7	2	493	185	235	66	5	0	0	2	31	11	7	28	7	9	42	7	22	18	7	10	29	3	4	36	36	2	9
sID0672	82	0	0	59	11	0	4	0	409	127	163	47	0	6	3	2	18	7	4	14	10	7	16	3	15	12	5	3	26	4	6	19	26	4	9
sID0673	36	9	6	13	14	16	29	2	402	457	116	11	6	2	17	0	24	23	3	3	5	6	54	0	63	1	8	7	72	0	4	14	52	18	9
sID0674	25	9	2	11	16	14	30	2	358	505	133	13	4	2	11	2	36	23	3	5	2	4	43	0	79	0	6	3	67	1	1	16	46	25	3
sID0675	32	20	0	10	9	13	29	3	419	481	69	18	7	0	4	0	25	26	4	3	3	7	48	0	75	0	4	12	67	3	3	16	61	21	3
sID0676	105	2	0	44	5	3	4	4	430	157	183	56	5	3	5	2	12	14	6	16	2	7	37	5	13	10	5	5	24	3	4	29	43	2	9
sID0677	122	0	0	69	13	0	7	2	493	185	235	66	5	0	0	2	31	11	7	28	7	9	42	7	22	18	7	10	29	3	4	36	36	2	9
sID0678	82	0	0	59	11	0	4	0	409	127	163	47	0	6	3	2	18	7	4	14	10	7	16	3	15	12	5	3	26	4	6	19	26	4	9
sID0679	36	9	6	13	14	16	29	2	402	457	116	11	6	2	17	0	24	23	3	3	5	6	54	0	63	1	8	7	72	0	4	14	52	18	9
sID0680	25	9	2	11	16	14	30	2	358	505	133	13	4	2	11	2	36	23	3	5	2	4	43	0	79	0	6	3	67	1	1	16	46	25	3
sID0681	32	20	0	10	9	13	29	3	419	481	69	18	7	0	4	0	25	26	4	3	3	7	48	0	75	0	4	12	67	3	3	16	61	21	3
sID0682	105	2	0	44	5	3	4	4	430	157	183	56	5	3	5	2	12	14	6	16	2	7	37	5	13	10	5	5	24	3	4	29	43	2	9
sID0683	122	0	0	69	13	0	7	2	493	185	235	66	5	0	0	2	31	11	7	28	7	9	42	7	22	18	7	10	29	3	4	36	36	2	9
sID0684	82	0	0	59	11	0	4	0	409	127	163	47	0	6	3	2	18	7	4	14	10	7	16	3	15	12	5	3	26	4	6	19	26	4	9
sID0685	36	9	6	13	14	16	29	2	402	457	116	11	6	2	17	0	24	23	3	3	5	6	54	0	63	1	8	7	72	0	4	14	52	18	9
sID0686	25	9	2	11	16	14	30	2	358	505	133	13	4	2	11	2	36	23	3	5	2	4	43	0	79	0	6	3	67	1	1	16	46	25	3
sID0687	32	20	0	10	9	13	29	3	419	481	69	18	7	0	4	0	25	26	4	3	3	7	48	0	75	0	4	12	67	3	3	16	61	21	3
sID0688	105	2	0	44	5	3	4	4	430	157	183	56	5	3	5	2	12	14	6	16	2	7	37	5	13	10	5	5	24	3	4	29	43	2	9
sID0689	122	0	0	69	13	0	7	2	493	185	235	66	5	0	0	2	31	11	7	28	7	9	42	7	22	18	7	10	29	3	4	36	36	2	9
sID0690	82	0	0	59	11	0	4	0	409	127	163	47	0	6	3	2	18	7	4	14	10	7	16	3	15	12	5	3	26	4	6	19	26	4	9
sID0691	36	9	6	13	14	16	29	2	402	457	116	11	6	2	17	0	24	23	3	3	5	6	54	0	63	1	8	7	72	0	4	14	52	18	9
sID0692	25	9	2	11	16	14	30	2	358	505	133	13	4	2	11	2	36	23	3	5	2	4	43	0	79	0	6	3	67	1	1	16	46	25	3
sID0693	32	20	0	10	9	13	29	3	419	481	69	18	7	0	4	0	25	26	4	3	3	7	48	0	75	0	4	12	67	3	3	16	61	21	3
sID0694	105	2	0	44	5	3	4	4	430	157	183	56	5	3	5	2	12	14	6	16	2	7	37	5	13	10	5	5	24	3	4	29	43	2	9
sID0695	122	0	0	69	13	0	7	2	493	185	235	66	5	0	0	2	31	11	7	28	7	9	42	7	22	18	7	10	29	3	4	36	36	2	9
sID0696	82	0	0	59	11	0	4	0	409	127	163	47	0	6	3	2	18	7	4	14	10	7	16	3	15	12	5	3	26	4	6	19	26	4	9
sID0697	36	9	6	13	14	16	29	2	402	457	116	11	6	2	17	0	24	23	3	3	5	6	54	0	63	1	8	7	72	0	4	14	52	18	9
sID0698	25	9	2	11	16	14	30	2	358	505	133	13	4	2	11	2	36	23	3	5	2	4	43	0	79	0	6	3	67	1	1	16	46	25	3
sID0699	32	20	0	10	9	13	29	3	419	481	69	18	7	0	4	0	25	26	4	3	3	7	48	0	75	0	4	12	67	3	3	16	61	21	3
sID0700	105	2	0	44	5	3	4	4	430	157	183	56	5	3	5	2	12	14	6	16	2	7	37	5	13	10	5	5	24	3	4	29	43	2	9
sID0701	122	0	0	69	13	0	7	2	493	185	235	66	5	0	0	2	31	11	7	28	7	9	42	7	22	18	7	10	29	3	4	36	36	2	9
sID0702	82	0	0	59	11	0	4	0	409	127	163	47	0	6	3	2	18	7	4	14	10	7	16	3	15	12	5	3	26	4	6	19	26	4	9
sID0703	36	9	6	13	14	16	29	2	402	457	116	11	6	2	17	0	24	23	3	3	5	6	54	0	63	1	8	7	72	0	4	14	52	18	9
sID0704	25	9	2	11	16	14	30	2	358	505	133	13	4	2	11	2	36	23	3	5	2	4	43	0	79	0	6	3	67	1	1	16	46	25	3
sID0705	32	20	0	10	9	13	29	3	419	481	69	18	7	0	4	0	25	26	4	3	3	7	48	0	75	0	4	12	67	3	3	16	61	21	3
sID0706	105	2	0	44	5	3	4	4	430	157	183	56	5	3	5	2	12	14	6	16	2	7	37	5	13	10	5	5	24	3	4	29	43	2	9
sID0707	122	0	0	69	13	0	7	2	493	185	235	66	5	0	0	2	31	11	7	28	7	9	42	7	22	18	7	10	29	3	4	36	36	2	9
sID0708	82	0	0	59	11	0	4	0	409	127	163	47	0	6	3	2	18	7	4	14	10	7	16	3	15	12	5	3	26	4	6	19	26	4	9
sID0709	36	9	6	13	14	16	29	2	402	457	116	11	6	2	17	0	24	23	3	3	5	6	54	0	63	1	8	7	72	0	4	14	52	18	9
sID0710	25	9	2	11	16	14	30	2	358	505	133	13	4	2	11	2	36	23	3	5	2	4	43	0	79	0	6	3	67	1	1	16	46	25	3
sID0711	32	20	0	10	9	13	29	3	419	481	69	18	7	0	4	0	25	26	4	3	3	7	48	0	75	0	4	12	67	3	3	16	61	21	3
sID0712	105	2	0	44	5	3	4	4	430	157	183	56	5	3	5	2	12	14	6	16	2	7	37	5	13	10	5	5	24	3	4	29	43	2	9
sID0713	122	0	0	69	13	0	7	2	493	185	235	66	5	0	0	2	31	11	7	28	7	9	42	7	22	18	7	10	29	3	4	36	36	2	9
sID0714	82	0	0	59	11	0	4	0	409	127	163	47	0	6	3	2	18	7	4	14	10	7	16	3	15	12	5	3	26	4	6	19	26	4	9
sID0715	36	9	6	13	14	16	29	2	402	457	116	11	6	2	17	0	24	23	3	3	5	6	54	0	63	1	8	7	72	0	4	14	52	18	9
sID0716	25	9	2	11	16	14	30	2	358	505	133	13	4	2	11	2	36	23	3	5	2	4	43	0	79	0	6	3	67	1	1	16	46	25	3
sID0717	32	20	0	10	9	13	29	3	419	481	69	18	7	0	4	0	25	26	4	3	3	7	48	0	75	0	4	12	67	3	3	16	61	21	3
sID0718	105	2	0	44	5	3	4	4	430	157	183	56	5	3	5	2	12	14	6	16	2	7	37	5	13	10	5	5	24	3	4	29	43	2	9
sID0719	122	0	0	69	13	0	7	2	493	185	235	66	5	0	0	2	31	11	7	28	7	9	42	7	22	18	7	10	29	3	4	36	36	2	9
sID0720	82	0	0	59	11	0	4	0	409	127	163	47	0	6	3	2	18	7	4	14	10	7	16	3	15	12	5	3	26	4	6	19	26	4	9
sID0721	36	9	6	13	14	16	29	2	402	457	116	11	6	2	17	0	24	23	3	3	5	6	54	0	63	1	8	7	72	0	4	14	52	18	9
sID0722	25	9	2	11	16	14	30	2	358	505	133	13	4	2	11	2	36	23	3	5	2	4	43	0	79	0	6	3	67	1	1	16	46	25	3
sID0723	32	20	0	10	9	13	29	3	419	481	69	18	7	0	4	0	25	26	4	3	3	7	48	0	75	0	4	12	67	3	3	16	61	21	3
sID0724	105	2	0	44	5	3	4	4	430	157	183	56	5	3	5	2	12	14	6	16	2	7	37	5	13	10	5	5	24	3	4	29	43	2	9
sID0725	122	0	0	69	13	0	7	2	493	185	235	66	5	0	0	2	31	11	7	28	7	9	42	7	22	18	7	10	29	3	4	36	36	2	9
sID0726	82	0	0	59	11	0	4	0	409	127	163	47	0	6	3	2	18	7	4	14	10	7	16	3	15	12	5	3	26	4	6	19	26	4	9
sID0727	36	9	6	13	14	16	29	2	402	457	116	11	6	2	17	0	24	23	3	3	5	6	54	0	63	1	8	7	72	0	4	14	52	18	9
sID0728	25	9	2	11	16	14	30	2	358	505	133	13	4	2	11	2	36	23	3	5	2	4	43	0	79	0	6	3	67	1	1	16	46	25	3
sID0729	32	20	0	10	9	13	29	3	419	481	69	18	7	0	4	0	25	26	4	3	3	7	48	0	75	0	4	12	67	3	3	16	61	21	3
sID0730	105	2	0	44	5	3	4	4	430	157	183	56	5	3	5	2	12	14	6	16	2	7	37	5	13	10	5	5	24	3	4	29	43	2	9
sID0731	122	0	0	69	13	0	7	2	493	185	235	66	5	0	0	2	31	11	7	28	7	9	42	7	22	18	7	10	29	3	4	36	36	2	9
sID0732	82	0	0	59	11	0	4	0	409	127	163	47	0	6	3	2	18	7	4	14	10	7	16	3	15	12	5	3	26	4	6	19	26	4	9
sID0733	36	9	6	13	14	16	29	2	402	457	116	11	6	2	17	0	24	23	3	3	5	6	54	0	63	1	8	7	72	0	4	14	52	18	9
sID0734	25	9	2	11	16	14	30	2	358	505	133	13	4	2	11	2	36	23	3	5	2	4	43	0	79	0	6	3	67	1	1	16	46	25	3
sID0735	32	20	0	10	9	13	29	3	419	481	69	18	7	0	4	0	25	26	4	3	3	7	48	0	75	0	4	12	67	3	3	16	61	21	3
sID0736	105	2	0	44	5	3	4	4	430	157	183	56	5	3	5	2	12	14	6	16	2	7	37	5	13	10	5	5	24	3	4	29	43	2	9
sID0737	122	0	0	69	13	0	7	2	493	185	235	66	5	0	0	2	31	11	7	28	7	9	42	7	22	18	7	10	29	3	4	36	36	2	9
sID0738	82	0	0	59	11	0	4	0	409	127	163	47	0	6	3	2	18	7	4	14	10	7	16	3	15	12	5	3	26	4	6	19	26	4	9
sID0739	36	9	6	13	14	16	29	2	402	457	116	11	6	2	17	0	24	23	3	3	5	6	54	0	63	1	8	7	72	0	4	14	52	18	9
sID0740	25	9	2	11	16	14	30	2	358	505	133	13	4	2	11	2	36	23	3	5	2	4	43	0	79	0	6	3	67	1	1	16	46	25	3
sID0741	32	20	0	10	9	13	29	3	419	481	69	18	7	0	4	0	25	26	4	3	3	7	48	0	75	0	4	12	67	3	3	16	61	21	3
sID0742	105	2	0	44	5	3	4	4	430	157	183	56	5	3	5	2	12	14	6	16	2	7	37	5	13	10	5	5	24	3	4	29	43	2	9
sID0743	122	0	0	69	13	0	7	2	493	185	235	66	5	0	0	2	31	11	7	28	7	9	42	7	22	18	7	10	29	3	4	36	36	2	9
sID0744	82	0	0	59	11	0	4	0	409	127	163	47	0	6	3	2	18	7	4	14	10	7	16	3	15	12	5	3	26	4	6	19	26	4	9
sID0745	36	9	6	13	14	16	29	2	402	457	116	11	6	2	17	0	24	23	3	3	5	6	54	0	63	1	8	7	72	0	4	14	52	18	9
sID0746	25	9	2	11	16	14	30	2	358	505	133	13	4	2	11	2	36	23	3	5	2	4	43	0	79	0	6	3	67	1	1	16	46	25	3
sID0747	32	20	0	10	9	13	29	3	419	481	69	18	7	0	4	0	25	26	4	3	3	7	48	0	75	0	4	12	67	3	3	16	61	21	3
sID0748	105	2	0	44	5	3	4	4	430	157	183	56	5	3	5	2	12	14	6	16	2	7	37	5	13	10	5	5	24	3	4	29	43	2	9
sID0749	122	0	0	69	13	0	7	2	493	185	235	66	5	0	0	2	31	11	7	28	7	9	42	7	22	18	7	10	29	3	4	36	36	2	9
sID0750	82	0	0	59	11	0	4	0	409	127	163	47	0	6	3	2	18	7	4	14	10	7	16	3	15	12	5	3	26	4	6	19	26	4	9
sID0751	36	9	6	13	14	16	29	2	402	457	116	11	6	2	17	0	24	23	3	3	5	6	54	0	63	1	8	7	72	0	4	14	52	18	9
sID0752	25	9	2	11	16	14	30	2	358	505	133	13	4	2	11	2	36	23	3	5	2	4	43	0	79	0	6	3	67	1	1	16	46	25	3
sID0753	32	20	0	10	9	13	29	3	419	481	69	18	7	0	4	0	25	26	4	3	3	7	48	0	75	0	4	12	67	3	3	16	61	21	3
sID0754	105	2	0	44	5	3	4	4	430	157	183	56	5	3	5	2	12	14	6	16	2	7	37	5	13	10	5	5	24	3	4	29	43	2	9
sID0755	122	0	0	69	13	0	7	2	493	185	235	66	5	0	0	2	31	11	7	28	7	9	42	7	22	18	7	10	29	3	4	36	36	2	9
sID0756	82	0	0	59	11	0	4	0	409	127	163	47	0	6	3	2	18	7	4	14	10	7	16	3	15	12	5	3	26	4	6	19	26	4	9
sID0757	36	9	6	13	14	16	29	2	402	457	116	11	6	2	17	0	24	23	3	3	5	6	54	0	63	1	8	7	72	0	4	14	52	18	9
sID0758	25	9	2	11	16	14	30	2	358	505	133	13	4	2	11	2	36	23	3	5	2	4	43	0	79	0	6	3	67	1	1	16	46	25	3
sID0759	32	20	0	10	9	13	29	3	419	481	69	18	7	0	4	0	25	26	4	3	3	7	48	0	75	0	4	12	67	3	3	16	61	21	3
sID0760	105	2	0	44	5	3	4	4	430	157	183	56	5	3	5	2	12	14	6	16	2	7	37	5	13	10	5	5	24	3	4	29	43	2	9
sID0761	122	0	0	69	13	0	7	2	493	185	235	66	5	0	0	2	31	11	7	28	7	9	42	7	22	18	7	10	29	3	4	36	36	2	9
sID0762	82	0	0	59	11	0	4	0	409	127	163	47	0	6	3	2	18	7	4	14	10	7	16	3	15	12	5	3	26	4	6	19	26	4	9
sID0763	36	9	6	13	14	16	29	2	402	457	116	11	6	2	17	0	24	23	3	3	5	6	54	0	63	1	8	7	72	0	4	14	52	18	9
sID0764	25	9	2	11	16	14	30	2	358	505	133	13	4	2	11	2	36	23	3	5	2	4	43	0	79	0	6	3	67	1	1	16	46	25	3
sID0765	32	20	0	10	9	13	29	3	419	481	69	18	7	0	4	0	25	26	4	3	3	7	48	0	75	0	4	12	67	3	3	16	61	21	3
sID0766	105	2	0	44	5	3	4	4	430	157	183	56	5	3	5	2	12	14	6	16	2	7	37	5	13	10	5	5	24	3	4	29	43	2	9
sID0767	122	0	0	69	13	0	7	2	493	185	235	66	5	0	0	2	31	11	7	28	7	9	42	7	22	18	7	10	29	3	4	36	36	2	9
sID0768	82	0	0	59	11	0	4	0	409	127	163	47	0	6	3	2	18	7	4	14	10	7	16	3	15	12	5	3	26	4	6	19	26	4	9
sID0769	36	9	6	13	14	16	29	2	402	457	116	11	6	2	17	0	24	23	3	3	5	6	54	0	63	1	8	7	72	0	4	14	52	18	9
sID0770	25	9	2	11	16	14	30	2	358	505	133	13	4	2	11	2	36	23	3	5	2	4	43	0	79	0	6	3	67	1	1	16	46	25	3
sID0771	32	20	0	10	9	13	29	3	419	481	69	18	7	0	4	0	25	26	4	3	3	7	48	0	75	0	4	12	67	3	3	16	61	21	3
sID0772	105	2	0	44	5	3	4	4	430	157	183	56	5	3	5	2	12	14	6	16	2	7	37	5	13	10	5	5	24	3	4	29	43	2	9
sID0773	122	0	0	69	13	0	7	2	493	185	235	66	5	0	0	2	31	11	7	28	7	9	42	7	22	18	7	10	29	3	4	36	36	2	9
sID0774	82	0	0	59	11	0	4	0	409	127	163	47	0	6	3	2	18	7	4	14	10	7	16	3	15	12	5	3	26	4	6	19	26	4	9
sID0775	36	9	6	13	14	16	29	2	402	457	116	11	6	2	17	0	24	23	3	3	5	6	54	0	63	1	8	7	72	0	4	14	52	18	9
sID0776	25	9	2	11	16	14	30	2	358	505	133	13	4	2	11	2	36	23	3	5	2	4	43	0	79	0	6	3	67	1	1	16	46	25	3
sID0777	32	20	0	10	9	13	29	3	419	481	69	18	7	0	4	0	25	26	4	3	3	7	48	0	75	0	4	12	67	3	3	16	61	21	3
sID0778	105	2	0	44	5	3	4	4	430	157	183	56	5	3	5	2	12	14	6	16	2	7	37	5	13	10	5	5	24	3	4	29	43	2	9
sID0779	122	0	0	69	13	0	7	2	493	185	235	66	5	0	0	2	31	11	7	28	7	9	42	7	22	18	7	10	29	3	4	36	36	2	9
sID0780	82	0	0	59	11	0	4	0	409	127	163	47	0	6	3	2	18	7	4	14	10	7	16	3	15	12	5	3	26	4	6	19	26	4	9
sID0781	36	9	6	13	14	16	29	2	402	457	116	11	6	2	17	0	24	23	3	3	5	6	54	0	63	1	8	7	72	0	4	14	52	18	9
sID0782	25	9	2	11	16	14	30	2	358	505	133	13	4	2	11	2	36	23	3	5	2	4	43	0	79	0	6	3	67	1	1	16	46	25	3
sID0783	32	20	0	10	9	13	29	3	419	481	69	18	7	0	4	0	25	26	4	3	3	7	48	0	75	0	4	12	67	3	3	16	61	21	3
sID0784	105	2	0	44	5	3	4	4	430	157	183	56	5	3	5	2	12	14	6	16	2	7	37	5	13	10	5	5	24	3	4	29	43	2	9
sID0785	122	0	0	69	13	0	7	2	493	185	235	66	5	0	0	2	31	11	7	28	7	9	42	7	22	18	7	10	29	3	4	36	36	2	9
sID0786	82	0	0	59	11	0	4	0	409	127	163	47	0	6	3	2	18	7	4	14	10	7	16	3	15	12	5	3	26	4	6	19	26	4	9
sID0787	36	9	6	13	14	16	29	2	402	457	116	11	6	2	17	0	24	23	3	3	5	6	54	0	63	1	8	7	72	0	4	14	52	18	9
sID0788	25	9	2	11	16	14	30	2	358	505	133	13	4	2	11	2	36	23	3	5	2	4	43	0	79	0	6	3	67	1	1	16	46	25	3
sID0789	32	20	0	10	9	13	29	3	419	481	69	18	7	0	4	0	25	26	4	3	3	7	48	0	75	0	4	12	67	3	3	16	61	21	3
sID0790	105	2	0	44	5	3	4	4	430	157	183	56	5	3	5	2	12	14	6	16	2	7	37	5	13	10	5	5	24	3	4	29	43	2	9
sID0791	122	0	0	69	13	0	7	2	493	185	235	66	5	0	0	2	31	11	7	28	7	9	42	7	22	18	7	10	29	3	4	36	36	2	9
sID0792	82	0	0	59	11	0	4	0	409	127	163	47	0	6	3	2	18	7	4	14	10	7	16	3	15	12	5	3	26	4	6	19	26	4	9
sID0793	36	9	6	13	14	16	29	2	402	457	116	11	6	2	17	0	24	23	3	3	5	6	54	0	63	1	8	7	72	0	4	14	52	18	9
sID0794	25	9	2	11	16	14	30	2	358	505	133	13	4	2	11	2	36	23	3	5	2	4	43	0	79	0	6	3	67	1	1	16	46	25	3
sID0795	32	20	0	10	9	13	29	3	419	481	69	18	7	0	4	0	25	26	4	3	3	7	48	0	75	0	4	12	67	3	3	16	61	21	3
sID0796	105	2	0	44	5	3	4	4	430	157	183	56	5	3	5	2	12	14	6	16	2	7	37	5	13	10	5	5	24	3	4	29	43	2	9
sID0797	122	0	0	69	13	0	7	2	493	185	235	66	5	0	0	2	31	11	7	28	7	9	42	7	22	18	7	10	29	3	4	36	36	2	9
sID0798	82	0	0	59	11	0	4	0	409	127	163	47	0	6	3	2	18	7	4	14	10	7	16	3	15	12	5	3	26	4	6	19	26	4	9
sID0799	36	9	6	13	14	16	29	2	402	457	116	11	6	2	17	0	24	23	3	3	5	6	54	0	63	1	8	7	72	0	4	14	52	18	9
sID0800	25	9	2	11	16	14	30	2	358	505	133	13	4	2	11	2	36	23	3	5	2	4	43	0	79	0	6	3	67	1	1	16	46	25	3
sID0801	32	20	0	10	9	13	29	3	419	481	69	18	7	0	4	0	25	26	4	3	3	7	48	0	75	0	4	12	67	3	3	16	61	21	3
sID0802	105	2	0	44	5	3	4	4	430	157	183	56	5	3	5	2	12	14	6	16	2	7	37	5	13	10	5	5	24	3	4	29	43	2	9
sID0803	122	0	0	69	13	0	7	2	493	185	235	66	5	0	0	2	31	11	7	28	7	9	42	7	22	18	7	10	29	3	4	36	36	2	9
sID0804	82	0	0	59	11	0	4	0	409	127	163	47	0	6	3	2	18	7	4	14	10	7	16	3	15	12	5	3	26	4	6	19	26	4	9
sID0805	36	9	6	13	14	16	29	2	402	457	116	11	6	2	17	0	24	23	3	3	5	6	54	0	63	1	8	7	72	0	4	14	52	18	9
sID0806	25	9	2	11	16	14	30	2	358	505	133	13	4	2	11	2	36	23	3	5	2	4	43	0	79	0	6	3	67	1	1	16	46	25	3
sID0807	32	20	0	10	9	13	29	3	419	481	69	18	7	0	4	0	25	26	4	3	3	7	48	0	75	0	4	12	67	3	3	16	61	21	3
sID0808	105	2	0	44	5	3	4	4	430	157	183	56	5	3	5	2	12	14	6	16	2	7	37	5	13	10	5	5	24	3	4	29	43	2	9
sID0809	122	0	0	69	13	0	7	2	493	185	235	66	5	0	0	2	31	11	7	28	7	9	42	7	22	18	7	10	29	3	4	36	36	2	9
sID0810	82	0	0	59	11	0	4	0	409	127	163	47	0	6	3	2	18	7	4	14	10	7	16	3	15	12	5	3	26	4	6	19	26	4	9
sID0811	36	9	6	13	14	16	29	2	402	457	116	11	6	2	17	0	24	23	3	3	5	6	54	0	63	1	8	7	72	0	4	14	52	18	9
sID0812	25	9	2	11	16	14	30	2	358	505	133	13	4	2	11	2	36	23	3	5	2	4	43	0	79	0	6	3	67	1	1	16	46	25	3
sID0813	32	20	0	10	9	13	29	3	419	481	69	18	7	0	4	0	25	26	4	3	3	7	48	0	75	0	4	12	67	3	3	16	61	21	3
sID0814	105	2	0	44	5	3	4	4	430	157	183	56	5	3	5	2	12	14	6	16	2	7	37	5	13	10	5	5	24	3	4	29	43	2	9
sID0815	122	0	0	69	13	0	7	2	493	185	235	66	5	0	0	2	31	11	7	28	7	9	42	7	22	18	7	10	29	3	4	36	36	2	9
sID0816	82	0	0	59	11	0	4	0	409	127	163	47	0	6	3	2	18	7	4	14	10	7	16	3	15	12	5	3	26	4	6	19	26	4	9
sID0817	36	9	6	13	14	16	29	2	402	457	116	11	6	2	17	0	24	23	3	3	5	6	54	0	63	1	8	7	72	0	4	14	52	18	9
sID0818	25	9	2	11	16	14	30	2	358	505	133	13	4	2	11	2	36	23	3	5	2	4	43	0	79	0	6	3	67	1	1	16	46	25	3
sID0819	32	20	0	10	9	13	29	3	419	481	69	18	7	0	4	0	25	26	4	3	3	7	48	0	75	0	4	12	67	3	3	16	61	21	3
sID0820	105	2	0	44	5	3	4	4	430	157	183	56	5	3	5	2	12	14	6	16	2	7	37	5	13	10	5	5	24	3	4	29	43	2	9
sID0821	122	0	0	69	13	0	7	2	493	185	235	66	5	0	0	2	31	11	7	28	7	9	42	7	22	18	7	10	29	3	4	36	36	2	9
sID0822	82	0	0	59	11	0	4	0	409	127	163	47	0	6	3	2	18	7	4	14	10	7	16	3	15	12	5	3	26	4	6	19	26	4	9
sID0823	36	9	6	13	14	16	29	2	402	457	116	11	6	2	17	0	24	23	3	3	5	6	54	0	63	1	8	7	72	0	4	14	52	18	9
sID0824	25	9	2	11	16	14	30	2	358	505	133	13	4	2	11	2	36	23	3	5	2	4	43	0	79	0	6	3	67	1	1	16	46	25	3
sID0825	32	20	0	10	9	13	29	3	419	481	69	18	7	0	4	0	25	26	4	3	3	7	48	0	75	0	4	12	67	3	3	16	61	21	3
sID0826	105	2	0	44	5	3	4	4	430	157	183	56	5	3	5	2	12	14	6	16	2	7	37	5	13	10	5	5	24	3	4	29	43	2	9
sID0827	122	0	0	69	13	0	7	2	493	185	235	66	5	0	0	2	31	11	7	28	7	9	42	7	22	18	7	10	29	3	4	36	36	2	9
sID0828	82	0	0	59	11	0	4	0	409	127	163	47	0	6	3	2	18	7	4	14	10	7	16	3	15	12	5	3	26	4	6	19	26	4	9
sID0829	36	9	6	13	14	16	29	2	402	457	116	11	6	2	17	0	24	23	3	3	5	6	54	0	63	1	8	7	72	0	4	14	52	18	9
sID0830	25	9	2	11	16	14	30	2	358	505	133	13	4	2	11	2	36	23	3	5	2	4	43	0	79	0	6	3	67	1	1	16	46	25	3
sID0831	32	20	0	10	9	13	29	3	419	481	69	18	7	0	4	0	25	26	4	3	3	7	48	0	75	0	4	12	67	3	3	16	61	21	3
sID0832	105	2	0	44	5	3	4	4	430	157	183	56	5	3	5	2	12	14	6	16	2	7	37	5	13	10	5	5	24	3	4	29	43	2	9
sID0833	122	0	0	69	13	0	7	2	493	185	235	66	5	0	0	2	31	11	7	28	7	9	42	7	22	18	7	10	29	3	4	36	36	2	9
sID0834	82	0	0	59	11	0	4	0	409	127	163	47	0	6	3	2	18	7	4	14	10	7	16	3	15	12	5	3	26	4	6	19	26	4	9
sID0835	36	9	6	13	14	16	29	2	402	457	116	11	6	2	17	0	24	23	3	3	5	6	54	0	63	1	8	7	72	0	4	14	52	18	9
sID0836	25	9	2	11	16	14	30	2	358	505	133	13	4	2	11	2	36	23	3	5	2	4	43	0	79	0	6	3	67	1	1	16	46	25	3
sID0837	32	20	0	10	9	13	29	3	419	481	69	18	7	0	4	0	25	26	4	3	3	7	48	0	75	0	4	12	67	3	3	16	61	21	3
sID0838	105	2	0	44	5	3	4	4	430	157	183	56	5	3	5	2	12	14	6	16	2	7	37	5	13	10	5	5	24	3	4	29	43	2	9
sID0839	122	0	0	69	13	0	7	2	493	185	235	66	5	0	0	2	31	11	7	28	7	9	42	7	22	18	7	10	29	3	4	36	36	2	9
sID0840	82	0	0	59	11	0	4	0	409	127	163	47	0	6	3	2	18	7	4	14	10	7	16	3	15	12	5	3	26	4	6	19	26	4	9
sID0841	36	9	6	13	14	16	29	2	402	457	116	11	6	2	17	0	24	23	3	3	5	6	54	0	63	1	8	7	72	0	4	14	52	18	9
sID0842	25	9	2	11	16	14	30	2	358	505	133	13	4	2	11	2	36	23	3	5	2	4	43	0	79	0	6	3	67	1	1	16	46	25	3
sID0843	32	20	0	10	9	13	29	3	419	481	69	18	7	0	4	0	25	26	4	3	3	7	48	0	75	0	4	12	67	3	3	16	61	21	3
sID0844	105	2	0	44	5	3	4	4	430	157	183	56	5	3	5	2	12	14	6	16	2	7	37	5	13	10	5	5	24	3	4	29	43	2	9
sID0845	122	0	0	69	13	0	7	2	493	185	235	66	5	0	0	2	31	11	7	28	7	9	42	7	22	18	7	10	29	3	4	36	36	2	9
sID0846	82	0	0	59	11	0	4	0	409	127	163	47	0	6	3	2	18	7	4	14	10	7	16	3	15	12	5	3	26	4	6	19	26	4	9
sID0847	36	9	6	13	14	16	29	2	402	457	116	11	6	2	17	0	24	23	3	3	5	6	54	0	63	1	8	7	72	0	4	14	52	18	9
sID0848	25	9	2	11	16	14	30	2	358	505	133	13	4	2	11	2	36	23	3	5	2	4	43	0	79	0	6	3	67	1	1	16	46	25	3
sID0849	32	20	0	10	9	13	29	3	419	481	69	18	7	0	4	0	25	26	4	3	3	7	48	0	75	0	4	12	67	3	3	16	61	21	3
sID0850	105	2	0	44	5	3	4	4	430	157	183	56	5	3	5	2	12	14	6	16	2	7	37	5	13	10	5	5	24	3	4	29	43	2	9
sID0851	122	0	0	69	13	0	7	2	493	185	235	66	5	0	0	2	31	11	7	28	7	9	42	7	22	18	7	10	29	3	4	36	36	2	9
sID0852	82	0	0	59	11	0	4	0	409	127	163	47	0	6	3	2	18	7	4	14	10	7	16	3	15	12	5	3	26	4	6	19	26	4	9
sID0853	36	9	6	13	14	16	29	2	402	457	116	11	6	2	17	0	24	23	3	3	5	6	54	0	63	1	8	7	72	0	4	14	52	18	9
sID0854	25	9	2	11	16	14	30	2	358	505	133	13	4	2	11	2	36	23	3	5	2	4	43	0	79	0	6	3	67	1	1	16	46	25	3
sID0855	32	20	0	10	9	13	29	3	419	481	69	18	7	0	4	0	25	26	4	3	3	7	48	0	75	0	4	12	67	3	3	16	61	21	3
sID0856	105	2	0	44	5	3	4	4	430	157	183	56	5	3	5	2	12	14	6	16	2	7	37	5	13	10	5	5	24	3	4	29	43	2	9
sID0857	122	0	0	69	13	0	7	2	493	185	235	66	5	0	0	2	31	11	7	28	7	9	42	7	22	18	7	10	29	3	4	36	36	2	9
sID0858	82	0	0	59	11	0	4	0	409	127	163	47	0	6	3	2	18	7	4	14	10	7	16	3	15	12	5	3	26	4	6	19	26	4	9
sID0859	36	9	6	13	14	16	29	2	402	457	116	11	6	2	17	0	24	23	3	3	5	6	54	0	63	1	8	7	72	0	4	14	52	18	9
sID0860	25	9	2	11	16	14	30	2	358	505	133	13	4	2	11	2	36	23	3	5	2	4	43	0	79	0	6	3	67	1	1	16	46	25	3
sID0861	32	20	0	10	9	13	29	3	419	481	69	18	7	0	4	0	25	26	4	3	3	7	48	0	75	0	4	12	67	3	3	16	61	21	3
sID0862	105	2	0	44	5	3	4	4	430	157	183	56	5	3	5	2	12	14	6	16	2	7	37	5	13	10	5	5	24	3	4	29	43	2	9
sID0863	122	0	0	69	13	0	7	2	493	185	235	66	5	0	0	2	31	11	7	28	7	9	42	7	22	18	7	10	29	3	4	36	36	2	9
sID0864	82	0	0	59	11	0	4	0	409	127	163	47	0	6	3	2	18	7	4	14	10	7	16	3	15	12	5	3	26	4	6	19	26	4	9
sID0865	36	9	6	13	14	16	29	2	402	457	116	11	6	2	17	0	24	23	3	3	5	6	54	0	63	1	8	7	72	0	4	14	52	18	9
sID0866	25	9	2	11	16	14	30	2	358	505	133	13	4	2	11	2	36	23	3	5	2	4	43	0	79	0	6	3	67	1	1	16	46	25	3
sID0867	32	20	0	10	9	13	29	3	419	481	69	18	7	0	4	0	25	26	4	3	3	7	48	0	75	0	4	12	67	3	3	16	61	21	3
sID0868	105	2	0	44	5	3	4	4	430	157	183	56	5	3	5	2	12	14	6	16	2	7	37	5	13	10	5	5	24	3	4	29	43	2	9
sID0869	122	0	0	69	13	0	7	2	493	185	235	66	5	0	0	2	31	11	7	28	7	9	42	7	22	18	7	10	29	3	4	36	36	2	9
sID0870	82	0	0	59	11	0	4	0	409	127	163	47	0	6	3	2	18	7	4	14	10	7	16	3	15	12	5	3	26	4	6	19	26	4	9
sID0871	36	9	6	13	14	16	29	2	402	457	116	11	6	2	17	0	24	23	3	3	5	6	54	0	63	1	8	7	72	0	4	14	52	18	9
sID0872	25	9	2	11	16	14	30	2	358	505	133	13	4	2	11	2	36	23	3	5	2	4	43	0	79	0	6	3	67	1	1	16	46	25	3
sID0873	32	20	0	10	9	13	29	3	419	481	69	18	7	0	4	0	25	26	4	3	3	7	48	0	75	0	4	12	67	3	3	16	61	21	3
sID0874	105	2	0	44	5	3	4	4	430	157	183	56	5	3	5	2	12	14	6	16	2	7	37	5	13	10	5	5	24	3	4	29	43	2	9
sID0875	122	0	0	69	13	0	7	2	493	185	235	66	5	0	0	2	31	11	7	28	7	9	42	7	22	18	7	10	29	3	4	36	36	2	9
sID0876	82	0	0	59	11	0	4	0	409	127	163	47	0	6	3	2	18	7	4	14	10	7	16	3	15	12	5	3	26	4	6	19	26	4	9
sID0877	36	9	6	13	14	16	29	2	402	457	116	11	6	2	17	0	24	23	3	3	5	6	54	0	63	1	8	7	72	0	4	14	52	18	9
sID0878	25	9	2	11	16	14	30	2	358	505	133	13	4	2	11	2	36	23	3	5	2	4	43	0	79	0	6	3	67	1	1	16	46	25	3
sID0879	32	20	0	10	9	13	29	3	419	481	69	18	7	0	4	0	25	26	4	3	3	7	48	0	75	0	4	12	67	3	3	16	61	21	3
sID0880	105	2	0	44	5	3	4	4	430	157	183	56	5	3	5	2	12	14	6	16	2	7	37	5	13	10	5	5	24	3	4	29	43	2	9
sID0881	122	0	0	69	13	0	7	2	493	185	235	66	5	0	0	2	31	11	7	28	7	9	42	7	22	18	7	10	29	3	4	36	36	2	9
sID0882	82	0	0	59	11	0	4	0	409	127	163	47	0	6	3	2	18	7	4	14	10	7	16	3	15	12	5	3	26	4	6	19	26	4	9
sID0883	36	9	6	13	14	16	29	2	402	457	116	11	6	2	17	0	24	23	3	3	5	6	54	0	63	1	8	7	72	0	4	14	52	18	9
sID0884	25	9	2	11	16	14	30	2	358	505	133	13	4	2	11	2	36	23	3	5	2	4	43	0	79	0	6	3	67	1	1	16	46	25	3
sID0885	32	20	0	10	9	13	29	3	419	481	69	18	7	0	4	0	25	26	4	3	3	7	48	0	75	0	4	12	67	3	3	16	61	21	3
sID0886	105	2	0	44	5	3	4	4	430	157	183	56	5	3	5	2	12	14	6	16	2	7	37	5	13	10	5	5	24	3	4	29	43	2	9
sID0887	122	0	0	69	13	0	7	2	493	185	235	66	5	0	0	2	31	11	7	28	7	9	42	7	22	18	7	10	29	3	4	36	36	2	9
sID0888	82	0	0	59	11	0	4	0	409	127	163	47	0	6	3	2	18	7	4	14	10	7	16	3	15	12	5	3	26	4	6	19	26	4	9
sID0889	36	9	6	13	14	16	29	2	402	457	116	11	6	2	17	0	24	23	3	3	5	6	54	0	63	1	8	7	72	0	4	14	52	18	9
sID0890	25	9	2	11	16	14	30	2	358	505	133	13	4	2	11	2	36	23	3	5	2	4	43	0	79	0	6	3	67	1	1	16	46	25	3
sID0891	32	20	0	10	9	13	29	3	419	481	69	18	7	0	4	0	25	26	4	3	3	7	48	0	75	0	4	12	67	3	3	16	61	21	3
sID0892	105	2	0	44	5	3	4	4	430	157	183	56	5	3	5	2	12	14	6	16	2	7	37	5	13	10	5	5	24	3	4	29	43	2	9
sID0893	122	0	0	69	13	0	7	2	493	185	235	66	5	0	0	2	31	11	7	28	7	9	42	7	22	18	7	10	29	3	4	36	36	2	9
sID0894	82	0	0	59	11	0	4	0	409	127	163	47	0	6	3	2	18	7	4	14	10	7	16	3	15	12	5	3	26	4	6	19	26	4	9
sID0895	36	9	6	13	14	16	29	2	402	457	116	11	6	2	17	0	24	23	3	3	5	6	54	0	63	1	8	7	72	0	4	14	52	18	9
sID0896	25	9	2	11	16	14	30	2	358	505	133	13	4	2	11	2	36	23	3	5	2	4	43	0	79	0	6	3	67	1	1	16	46	25	3
sID0897	32	20	0	10	9	13	29	3	419	481	69	18	7	0	4	0	25	26	4	3	3	7	48	0	75	0	4	12	67	3	3	16	61	21	3
sID0898	105	2	0	44	5	3	4	4	430	157	183	56	5	3	5	2	12	14	6	16	2	7	37	5	13	10	5	5	24	3	4	29	43	2	9
sID0899	122	0	0	69	13	0	7	2	493	185	235	66	5	0	0	2	31	11	7	28	7	9	42	7	22	18	7	10	29	3	4	36	36	2	9
sID0900	82	0	0	59	11	0	4	0	409	127	163	47	0	6	3	2	18	7	4	14	10	7	16	3	15	12	5	3	26	4	6	19	26	4	9
sID0901	36	9	6	13	14	16	29	2	402	457	116	11	6	2	17	0	24	23	3	3	5	6	54	0	63	1	8	7	72	0	4	14	52	18	9
sID0902	25	9	2	11	16	14	30	2	358	505	133	13	4	2	11	2	36	23	3	5	2	4	43	0	79	0	6	3	67	1	1	16	46	25	3
sID0903	32	20	0	10	9	13	29	3	419	481	69	18	7	0	4	0	25	26	4	3	3	7	48	0	75	0	4	12	67	3	3	16	61	21	3
sID0904	105	2	0	44	5	3	4	4	430	157	183	56	5	3	5	2	12	14	6	16	2	7	37	5	13	10	5	5	24	3	4	29	43	2	9
sID0905	122	0	0	69	13	0	7	2	493	185	235	66	5	0	0	2	31	11	7	28	7	9	42	7	22	18	7	10	29	3	4	36	36	2	9
sID0906	82	0	0	59	11	0	4	0	409	127	163	47	0	6	3	2	18	7	4	14	10	7	16	3	15	12	5	3	26	4	6	19	26	4	9
sID0907	36	9	6	13	14	16	29	2	402	457	116	11	6	2	17	0	24	23	3	3	5	6	54	0	63	1	8	7	72	0	4	14	52	18	9
sID0908	25	9	2	11	16	14	30	2	358	505	133	13	4	2	11	2	36	23	3	5	2	4	43	0	79	0	6	3	67	1	1	16	46	25	3
sID0909	32	20	0	10	9	13	29	3	419	481	69	18	7	0	4	0	25	26	4	3	3	7	48	0	75	0	4	12	67	3	3	16	61	21	3
sID0910	105	2	0	44	5	3	4	4	430	157	183	56	5	3	5	2	12	14	6	16	2	7	37	5	13	10	5	5	24	3	4	29	43	2	9
sID0911	122	0	0	69	13	0	7	2	493	185	235	66	5	0	0	2	31	11	7	28	7	9	42	7	22	18	7	10	29	3	4	36	36	2	9
sID0912	82	0	0	59	11	0	4	0	409	127	163	47	0	6	3	2	18	7	4	14	10	7	16	3	15	12	5	3	26	4	6	19	26	4	9
sID0913	36	9	6	13	14	16	29	2	402	457	116	11	6	2	17	0	24	23	3	3	5	6	54	0	63	1	8	7	72	0	4	14	52	18	9
sID0914	25	9	2	11	16	14	30	2	358	505	133	13	4	2	11	2	36	23	3	5	2	4	43	0	79	0	6	3	67	1	1	16	46	25	3
sID0915	32	20	0	10	9	13	29	3	419	481	69	18	7	0	4	0	25	26	4	3	3	7	48	0	75	0	4	12	67	3	3	16	61	21	3
sID0916	105	2	0	44	5	3	4	4	430	157	183	56	5	3	5	2	12	14	6	16	2	7	37	5	13	10	5	5	24	3	4	29	43	2	9
sID0917	122	0	0	69	13	0	7	2	493	185	235	66	5	0	0	2	31	11	7	28	7	9	42	7	22	18	7	10	29	3	4	36	36	2	9
sID0918	82	0	0	59	11	0	4	0	409	127	163	47	0	6	3	2	18	7	4	14	10	7	16	3	15	12	5	3	26	4	6	19	26	4	9
sID0919	36	9	6	13	14	16	29	2	402	457	116	11	6	2	17	0	24	23	3	3	5	6	54	0	63	1	8	7	72	0	4	14	52	18	9
sID0920	25	9	2	11	16	14	30	2	358	505	133	13	4	2	11	2	36	23	3	5	2	4	43	0	79	0	6	3	67	1	1	16	46	25	3
sID0921	32	20	0	10	9	13	29	3	419	481	69	18	7	0	4	0	25	26	4	3	3	7	48	0	75	0	4	12	67	3	3	16	61	21	3
sID0922	105	2	0	44	5	3	4	4	430	157	183	56	5	3	5	2	12	14	6	16	2	7	37	5	13	10	5	5	24	3	4	29	43	2	9
sID0923	122	0	0	69	13	0	7	2	493	185	235	66	5	0	0	2	31	11	7	28	7	9	42	7	22	18	7	10	29	3	4	36	36	2	9
sID0924	82	0	0	59	11	0	4	0	409	127	163	47	0	6	3	2	18	7	4	14	10	7	16	3	15	12	5	3	26	4	6	19	26	4	9
sID0925	36	9	6	13	14	16	29	2	402	457	116	11	6	2	17	0	24	23	3	3	5	6	54	0	63	1	8	7	72	0	4	14	52	18	9
sID0926	25	9	2	11	16	14	30	2	358	505	133	13	4	2	11	2	36	23	3	5	2	4	43	0	79	0	6	3	67	1	1	16	46	25	3
sID0927	32	20	0	10	9	13	29	3	419	481	69	18	7	0	4	0	25	26	4	3	3	7	48	0	75	0	4	12	67	3	3	16	61	21	3
sID0928	105	2	0	44	5	3	4	4	430	157	183	56	5	3	5	2	12	14	6	16	2	7	37	5	13	10	5	5	24	3	4	29	43	2	9
sID0929	122	0	0	69	13	0	7	2	493	185	235	66	5	0	0	2	31	11	7	28	7	9	42	7	22	18	7	10	29	3	4	36	36	2	9
sID0930	82	0	0	59	11	0	4	0	409	127	163	47	0	6	3	2	18	7	4	14	10	7	16	3	15	12	5	3	26	4	6	19	26	4	9
sID0931	36	9	6	13	14	16	29	2	402	457	116	11	6	2	17	0	24	23	3	3	5	6	54	0	63	1	8	7	72	0	4	14	52	18	9
sID0932	25	9	2	11	16	14	30	2	358	505	133	13	4	2	11	2	36	23	3	5	2	4	43	0	79	0	6	3	67	1	1	16	46	25	3
sID0933	32	20	0	10	9	13	29	3	419	481	69	18	7	0	4	0	25	26	4	3	3	7	48	0	75	0	4	12	67	3	3	16	61	21	3
sID0934	105	2	0	44	5	3	4	4	430	157	183	56	5	3	5	2	12	14	6	16	2	7	37	5	13	10	5	5	24	3	4	29	43	2	9
sID0935	122	0	0	69	13	0	7	2	493	185	235	66	5	0	0	2	31	11	7	28	7	9	42	7	22	18	7	10	29	3	4	36	36	2	9
sID0936	82	0	0	59	11	0	4	0	409	127	163	47	0	6	3	2	18	7	4	14	10	7	16	3	15	12	5	3	26	4	6	19	26	4	9
sID0937	36	9	6	13	14	16	29	2	402	457	116	11	6	2	17	0	24	23	3	3	5	6	54	0	63	1	8	7	72	0	4	14	52	18	9
sID0938	25	9	2	11	16	14	30	2	358	505	133	13	4	2	11	2	36	23	3	5	2	4	43	0	79	0	6	3	67	1	1	16	46	25	3
sID0939	32	20	0	10	9	13	29	3	419	481	69	18	7	0	4	0	25	26	4	3	3	7	48	0	75	0	4	12	67	3	3	16	61	21	3
sID0940	105	2	0	44	5	3	4	4	430	157	183	56	5	3	5	2	12	14	6	16	2	7	37	5	13	10	5	5	24	3	4	29	43	2	9
sID0941	122	0	0	69	13	0	7	2	493	185	235	66	5	0	0	2	31	11	7	28	7	9	42	7	22	18	7	10	29	3	4	36	36	2	9
sID0942	82	0	0	59	11	0	4	0	409	127	163	47	0	6	3	2	18	7	4	14	10	7	16	3	15	12	5	3	26	4	6	19	26	4	9
sID0943	36	9	6	13	14	16	29	2	402	457	116	11	6	2	17	0	24	23	3	3	5	6	54	0	63	1	8	7	72	0	4	14	52	18	9
sID0944	25	9	2	11	16	14	30	2	358	505	133	13	4	2	11	2	36	23	3	5	2	4	43	0	79	0	6	3	67	1	1	16	46	25	3
sID0945	32	20	0	10	9	13	29	3	419	481	69	18	7	0	4	0	25	26	4	3	3	7	48	0	75	0	4	12	67	3	3	16	61	21	3
sID0946	105	2	0	44	5	3	4	4	430	157	183	56	5	3	5	2	12	14	6	16	2	7	37	5	13	10	5	5	24	3	4	29	43	2	9
sID0947	122	0	0	69	13	0	7	2	493	185	235	66	5	0	0	2	31	11	7	28	7	9	42	7	22	18	7	10	29	3	4	36	36	2	9
sID0948	82	0	0	59	11	0	4	0	409	127	163	47	0	6	3	2	18	7	4	14	10	7	16	3	15	12	5	3	26	4	6	19	26	4	9
sID0949	36	9	6	13	14	16	29	2	402	457	116	11	6	2	17	0	24	23	3	3	5	6	54	0	63	1	8	7	72	0	4	14	52	18	9
sID0950	25	9	2	11	16	14	30	2	358	505	133	13	4	2	11	2	36	23	3	5	2	4	43	0	79	0	6	3	67	1	1	16	46	25	3
sID0951	32	20	0	10	9	13	29	3	419	481	69	18	7	0	4	0	25	26	4	3	3	7	48	0	75	0	4	12	67	3	3	16	61	21	3
sID0952	105	2	0	44	5	3	4	4	430	157	183	56	5	3	5	2	12	14	6	16	2	7	37	5	13	10	5	5	24	3	4	29	43	2	9
sID0953	122	0	0	69	13	0	7	2	493	185	235	66	5	0	0	2	31	11	7	28	7	9	42	7	22	18	7	10	29	3	4	36	36	2	9
sID0954	82	0	0	59	11	0	4	0	409	127	163	47	0	6	3	2	18	7	4	14	10	7	16	3	15	12	5	3	26	4	6	19	26	4	9
sID0955	36	9	6	13	14	16	29	2	402	457	116	11	6	2	17	0	24	23	3	3	5	6	54	0	63	1	8	7	72	0	4	14	52	18	9
sID0956	25	9	2	11	16	14	30	2	358	505	133	13	4	2	11	2	36	23	3	5	2	4	43	0	79	0	6	3	67	1	1	16	46	25	3
sID0957	32	20	0	10	9	13	29	3	419	481	69	18	7	0	4	0	25	26	4	3	3	7	48	0	75	0	4	12	67	3	3	16	61	21	3
sID0958	105	2	0	44	5	3	4	4	430	157	183	56	5	3	5	2	12	14	6	16	2	7	37	5	13	10	5	5	24	3	4	29	43	2	9
sID0959	122	0	0	69	13	0	7	2	493	185	235	66	5	0	0	2	31	11	7	28	7	9	42	7	22	18	7	10	29	3	4	36	36	2	9
sID0960	82	0	0	59	11	0	4	0	409	127	163	47	0	6	3	2	18	7	4	14	10	7	16	3	15	12	5	3	26	4	6	19	26	4	9
sID0961	36	9	6	13	14	16	29	2	402	457	116	11	6	2	17	0	24	23	3	3	5	6	54	0	63	1	8	7	72	0	4	14	52	18	9
sID0962	25	9	2	11	16	14	30	2	358	505	133	13	4	2	11	2	36	23	3	5	2	4	43	0	79	0	6	3	67	1	1	16	46	25	3
sID0963	32	20	0	10	9	13	29	3	419	481	69	18	7	0	4	0	25	26	4	3	3	7	48	0	75	0	4	12	67	3	3	16	61	21	3
sID0964	105	2	0	44	5	3	4	4	430	157	183	56	5	3	5	2	12	14	6	16	2	7	37	5	13	10	5	5	24	3	4	29	43	2	9
sID0965	122	0	0	69	13	0	7	2	493	185	235	66	5	0	0	2	31	11	7	28	7	9	42	7	22	18	7	10	29	3	4	36	36	2	9
sID0966	82	0	0	59	11	0	4	0	409	127	163	47	0	6	3	2	18	7	4	14	10	7	16	3	15	12	5	3	26	4	6	19	26	4	9
sID0967	36	9	6	13	14	16	29	2	402	457	116	11	6	2	17	0	24	23	3	3	5	6	54	0	63	1	8	7	72	0	4	14	52	18	9
sID0968	25	9	2	11	16	14	30	2	358	505	133	13	4	2	11	2	36	23	3	5	2	4	43	0	79	0	6	3	67	1	1	16	46	25	3
sID0969	32	20	0	10	9	13	29	3	419	481	69	18	7	0	4	0	25	26	4	3	3	7	48	0	75	0	4	12	67	3	3	16	61	21	3
sID0970	105	2	0	44	5	3	4	4	430	157	183	56	5	3	5	2	12	14	6	16	2	7	37	5	13	10	5	5	24	3	4	29	43	2	9
sID0971	122	0	0	69	13	0	7	2	493	185	235	66	5	0	0	2	31	11	7	28	7	9	42	7	22	18	7	10	29	3	4	36	36	2	9
sID0972	82	0	0	59	11	0	4	0	409	127	163	47	0	6	3	2	18	7	4	14	10	7	16	3	15	12	5	3	26	4	6	19	26	4	9
sID0973	36	9	6	13	14	16	29	2	402	457	116	11	6	2	17	0	24	23	3	3	5	6	54	0	63	1	8	7	72	0	4	14	52	18	9
sID0974	25	9	2	11	16	14	30	2	358	505	133	13	4	2	11	2	36	23	3	5	2	4	43	0	79	0	6	3	67	1	1	16	46	25	3
sID0975	32	20	0	10	9	13	29	3	419	481	69	18	7	0	4	0	25	26	4	3	3	7	48	0	75	0	4	12	67	3	3	16	61	21	3
sID0976	105	2	0	44	5	3	4	4	430	157	183	56	5	3	5	2	12	14	6	16	2	7	37	5	13	10	5	5	24	3	4	29	43	2	9
sID0977	122	0	0	69	13	0	7	2	493	185	235	66	5	0	0	2	31	11	7	28	7	9	42	7	22	18	7	10	29	3	4	36	36	2	9
sID0978	82	0	0	59	11	0	4	0	409	127	163	47	0	6	3	2	18	7	4	14	10	7	16	3	15	12	5	3	26	4	6	19	26	4	9
sID0979	36	9	6	13	14	16	29	2	402	457	116	11	6	2	17	0	24	23	3	3	5	6	54	0	63	1	8	7	72	0	4	14	52	18	9
sID0980	25	9	2	11	16	14	30	2	358	505	133	13	4	2	11	2	36	23	3	5	2	4	43	0	79	0	6	3	67	1	1	16	46	25	3
sID0981	32	20	0	10	9	13	29	3	419	481	69	18	7	0	4	0	25	26	4	3	3	7	48	0	75	0	4	12	67	3	3	16	61	21	3
sID0982	105	2	0	44	5	3	4	4	430	157	183	56	5	3	5	2	12	14	6	16	2	7	37	5	13	10	5	5	24	3	4	29	43	2	9
sID0983	122	0	0	69	13	0	7	2	493	185	235	66	5	0	0	2	31	11	7	28	7	9	42	7	22	18	7	10	29	3	4	36	36	2	9
sID0984	82	0	0	59	11	0	4	0	409	127	163	47	0	6	3	2	18	7	4	14	10	7	16	3	15	12	5	3	26	4	6	19	26	4	9
sID0985	36	9	6	13	14	16	29	2	402	457	116	11	6	2	17	0	24	23	3	3	5	6	54	0	63	1	8	7	72	0	4	14	52	18	9
sID0986	25	9	2	11	16	14	30	2	358	505	133	13	4	2	11	2	36	23	3	5	2	4	43	0	79	0	6	3	67	1	1	16	46	25	3
sID0987	32	20	0	10	9	13	29	3	419	481	69	18	7	0	4	0	25	26	4	3	3	7	48	0	75	0	4	12	67	3	3	16	61	21	3
sID0988	105	2	0	44	5	3	4	4	430	157	183	56	5	3	5	2	12	14	6	16	2	7	37	5	13	10	5	5	24	3	4	29	43	2	9
sID0989	122	0	0	69	13	0	7	2	493	185	235	66	5	0	0	2	31	11	7	28	7	9	42	7	22	18	7	10	29	3	4	36	36	2	9
sID0990	82	0	0	59	11	0	4	0	409	127	163	47	0	6	3	2	18	7	4	14	10	7	16	3	15	12	5	3	26	4	6	19	26	4	9
sID0991	36	9	6	13	14	16	29	2	402	457	116	11	6	2	17	0	24	23	3	3	5	6	54	0	63	1	8	7	72	0	4	14	52	18	9
sID0992	25	9	2	11	16	14	30	2	358	505	133	13	4	2	11	2	36	23	3	5	2	4	43	0	79	0	6	3	67	1	1	16	46	25	3
sID0993	32	20	0	10	9	13	29	3	419	481	69	18	7	0	4	0	25	26	4	3	3	7	48	0	75	0	4	12	67	3	3	16	61	21	3
sID0994	105	2	0	44	5	3	4	4	430	157	183	56	5	3	5	2	12	14	6	16	2	7	37	5	13	10	5	5	24	3	4	29	43	2	9
sID0995	122	0	0	69	13	0	7	2	493	185	235	66	5	0	0	2	31	11	7	28	7	9	42	7	22	18	7	10	29	3	4	36	36	2	9
sID0996	82	0	0	59	11	0	4	0	409	127	163	47	0	6	3	2	18	7	4	14	10	7	16	3	15	12	5	3	26	4	6	19	26	4	9
sID0997	36	9	6	13	14	16	29	2	402	457	116	11	6	2	17	0	24	23	3	3	5	6	54	0	63	1	8	7	72	0	4	14	52	18	9
sID0998	25	9	2	11	16	14	30	2	358	505	133	13	4	2	11	2	36	23	3	5	2	4	43	0	79	0	6	3	67	1	1	16	46	25	3
sID0999	32	20	0	10	9	13	29	3	419	481	69	18	7	0	4	0	25	26	4	3	3	7	48	0	75	0	4	12	67	3	3	16	61	21	3
sID1000	105	2	0	44	5	3	4	4	430	157	183	56	5	3	5	2	12	14	6	16	2	7	37	5	13	10	5	5	24	3	4	29	43	2	9